-- MySQL dump 10.13  Distrib 8.3.0, for macos14.2 (arm64)
--
-- Host: localhost    Database: testDB
-- ------------------------------------------------------
-- Server version	8.3.0

/*!40101 SET @OLD_CHARACTER_SET_CLIENT=@@CHARACTER_SET_CLIENT */;
/*!40101 SET @OLD_CHARACTER_SET_RESULTS=@@CHARACTER_SET_RESULTS */;
/*!40101 SET @OLD_COLLATION_CONNECTION=@@COLLATION_CONNECTION */;
/*!50503 SET NAMES utf8mb4 */;
/*!40103 SET @OLD_TIME_ZONE=@@TIME_ZONE */;
/*!40103 SET TIME_ZONE='+00:00' */;
/*!40014 SET @OLD_UNIQUE_CHECKS=@@UNIQUE_CHECKS, UNIQUE_CHECKS=0 */;
/*!40014 SET @OLD_FOREIGN_KEY_CHECKS=@@FOREIGN_KEY_CHECKS, FOREIGN_KEY_CHECKS=0 */;
/*!40101 SET @OLD_SQL_MODE=@@SQL_MODE, SQL_MODE='NO_AUTO_VALUE_ON_ZERO' */;
/*!40111 SET @OLD_SQL_NOTES=@@SQL_NOTES, SQL_NOTES=0 */;

--
-- Table structure for table `dormitory`
--

DROP TABLE IF EXISTS `dormitory`;
/*!40101 SET @saved_cs_client     = @@character_set_client */;
/*!50503 SET character_set_client = utf8mb4 */;
CREATE TABLE `dormitory` (
  `dormitoryID` tinyint unsigned NOT NULL,
  `dormitory` varchar(4) NOT NULL,
  PRIMARY KEY (`dormitoryID`),
  UNIQUE KEY `dormitory` (`dormitory`)
) ENGINE=InnoDB DEFAULT CHARSET=utf8mb4 COLLATE=utf8mb4_0900_ai_ci;
/*!40101 SET character_set_client = @saved_cs_client */;

--
-- Dumping data for table `dormitory`
--

LOCK TABLES `dormitory` WRITE;
/*!40000 ALTER TABLE `dormitory` DISABLE KEYS */;
INSERT INTO `dormitory` VALUES (2,'CEN'),(1,'MOU'),(3,'SEA'),(4,'SPA');
/*!40000 ALTER TABLE `dormitory` ENABLE KEYS */;
UNLOCK TABLES;

--
-- Table structure for table `dormitoryPlace`
--

DROP TABLE IF EXISTS `dormitoryPlace`;
/*!40101 SET @saved_cs_client     = @@character_set_client */;
/*!50503 SET character_set_client = utf8mb4 */;
CREATE TABLE `dormitoryPlace` (
  `dormitoryPlaceID` tinyint unsigned NOT NULL,
  `dormitoryID` tinyint unsigned NOT NULL,
  `floor` tinyint unsigned NOT NULL,
  `place` varchar(128) NOT NULL,
  PRIMARY KEY (`dormitoryPlaceID`),
  UNIQUE KEY `place` (`place`),
  UNIQUE KEY `dormitoryID` (`dormitoryID`,`floor`),
  CONSTRAINT `dormitoryplace_ibfk_1` FOREIGN KEY (`dormitoryID`) REFERENCES `dormitory` (`dormitoryID`) ON DELETE CASCADE ON UPDATE CASCADE
) ENGINE=InnoDB DEFAULT CHARSET=utf8mb4 COLLATE=utf8mb4_0900_ai_ci;
/*!40101 SET character_set_client = @saved_cs_client */;

--
-- Dumping data for table `dormitoryPlace`
--

LOCK TABLES `dormitoryPlace` WRITE;
/*!40000 ALTER TABLE `dormitoryPlace` DISABLE KEYS */;
INSERT INTO `dormitoryPlace` VALUES (1,1,1,'MOU_1'),(2,1,2,'MOU_2'),(3,1,3,'MOU_3'),(4,2,1,'CEN_1'),(5,2,2,'CEN_2'),(6,2,3,'CEN_3'),(7,3,1,'SEA_1'),(8,3,2,'SEA_2'),(9,3,3,'SEA_3'),(10,4,1,'SPA_1'),(11,4,2,'SPA_2'),(12,4,3,'SPA_3'),(13,4,4,'SPA_4'),(14,4,5,'SPA_5');
/*!40000 ALTER TABLE `dormitoryPlace` ENABLE KEYS */;
UNLOCK TABLES;

--
-- Table structure for table `IoT`
--

DROP TABLE IF EXISTS `IoT`;
/*!40101 SET @saved_cs_client     = @@character_set_client */;
/*!50503 SET character_set_client = utf8mb4 */;
CREATE TABLE `IoT` (
  `IoTID` varchar(8) NOT NULL,
  `sendIoTDevicesID` varchar(32) DEFAULT NULL,
  `dormitoryPlaceID` tinyint unsigned DEFAULT NULL,
  `No` tinyint unsigned NOT NULL,
  PRIMARY KEY (`IoTID`),
  KEY `sendIoTDevicesID` (`sendIoTDevicesID`),
  KEY `dormitoryPlaceID` (`dormitoryPlaceID`),
  CONSTRAINT `iot_ibfk_1` FOREIGN KEY (`sendIoTDevicesID`) REFERENCES `sendIoTDevices` (`sendIoTDevicesID`) ON UPDATE CASCADE,
  CONSTRAINT `iot_ibfk_2` FOREIGN KEY (`dormitoryPlaceID`) REFERENCES `dormitoryPlace` (`dormitoryPlaceID`) ON UPDATE CASCADE
) ENGINE=InnoDB DEFAULT CHARSET=utf8mb4 COLLATE=utf8mb4_0900_ai_ci;
/*!40101 SET character_set_client = @saved_cs_client */;

--
-- Dumping data for table `IoT`
--

LOCK TABLES `IoT` WRITE;
/*!40000 ALTER TABLE `IoT` DISABLE KEYS */;
INSERT INTO `IoT` VALUES ('DR_211','WD_000',1,1),('DR_212','WD_000',1,2),('DR_221','WD_000',2,1),('DR_222','WD_000',2,2),('DR_223','WD_000',2,3),('DR_231','WD_000',3,1),('DR_232','WD_000',3,2),('DR_233','WD_000',3,3),('DR_311','WD_311',7,1),('DR_312','WD_311',7,2),('DR_313','WD_311',7,3),('DR_314','WD_311',7,4),('DR_321','WD_000',8,1),('DR_322','WD_000',8,2),('DR_323','WD_000',8,3),('DR_324','WD_000',8,4),('DR_331','WD_000',9,1),('DR_332','WD_000',9,2),('DR_333','WD_000',9,3),('DR_334','WD_000',9,4),('PB_12','WD_000',NULL,1),('PB_34','WD_000',NULL,2),('PB_56','WD_000',NULL,3),('SW_21','WD_000',1,1),('SW_22','WD_000',1,2),('SW_31','WD_000',7,1),('SW_32','WD_000',7,2),('WA_211','WD_000',1,1),('WA_212','WD_000',1,2),('WA_221','WD_000',2,1),('WA_222','WD_000',2,2),('WA_223','WD_000',2,3),('WA_231','WD_000',3,1),('WA_232','WD_000',3,2),('WA_233','WD_000',3,3),('WA_311','WD_311',7,1),('WA_312','WD_311',7,2),('WA_313','WD_311',7,3),('WA_314','WD_311',7,4),('WA_321','WD_000',8,1),('WA_322','WD_000',8,2),('WA_323','WD_000',8,3),('WA_324','WD_000',8,4),('WA_331','WD_000',9,1),('WA_332','WD_000',9,2),('WA_333','WD_000',9,3),('WA_334','WD_000',9,4);
/*!40000 ALTER TABLE `IoT` ENABLE KEYS */;
UNLOCK TABLES;

--
-- Table structure for table `IoTData`
--

DROP TABLE IF EXISTS `IoTData`;
/*!40101 SET @saved_cs_client     = @@character_set_client */;
/*!50503 SET character_set_client = utf8mb4 */;
CREATE TABLE `IoTData` (
  `IoTDataID` bigint unsigned NOT NULL AUTO_INCREMENT,
  `IoTID` varchar(8) NOT NULL,
  `time` timestamp NOT NULL DEFAULT CURRENT_TIMESTAMP,
  `dataStatus` tinyint unsigned NOT NULL,
  PRIMARY KEY (`IoTDataID`),
  KEY `IoTID` (`IoTID`),
  KEY `iot_data_time` (`time`),
  CONSTRAINT `iotdata_ibfk_1` FOREIGN KEY (`IoTID`) REFERENCES `IoT` (`IoTID`) ON UPDATE CASCADE
) ENGINE=InnoDB AUTO_INCREMENT=5249 DEFAULT CHARSET=utf8mb4 COLLATE=utf8mb4_0900_ai_ci;
/*!40101 SET character_set_client = @saved_cs_client */;

--
-- Dumping data for table `IoTData`
--

LOCK TABLES `IoTData` WRITE;
/*!40000 ALTER TABLE `IoTData` DISABLE KEYS */;
INSERT INTO `IoTData` VALUES (1,'PB_12','2024-07-04 13:17:11',1),(2,'PB_34','2024-07-04 13:17:11',1),(3,'PB_56','2024-07-04 13:17:11',1),(4,'DR_211','2024-07-04 13:17:11',1),(5,'DR_212','2024-07-04 13:17:11',1),(6,'SW_21','2024-07-04 13:17:11',1),(7,'SW_22','2024-07-04 13:17:11',1),(8,'WA_211','2024-07-04 13:17:11',1),(9,'WA_212','2024-07-04 13:17:11',1),(10,'DR_221','2024-07-04 13:17:11',1),(11,'DR_222','2024-07-04 13:17:11',1),(12,'DR_223','2024-07-04 13:17:11',1),(13,'WA_221','2024-07-04 13:17:11',1),(14,'WA_222','2024-07-04 13:17:11',1),(15,'WA_223','2024-07-04 13:17:11',1),(16,'DR_231','2024-07-04 13:17:11',1),(17,'DR_232','2024-07-04 13:17:11',1),(18,'DR_233','2024-07-04 13:17:11',1),(19,'WA_231','2024-07-04 13:17:11',1),(20,'WA_232','2024-07-04 13:17:11',1),(21,'WA_233','2024-07-04 13:17:11',1),(22,'DR_311','2024-07-04 13:17:11',1),(23,'DR_312','2024-07-04 13:17:11',1),(24,'DR_313','2024-07-04 13:17:11',1),(25,'DR_314','2024-07-04 13:17:11',1),(26,'SW_31','2024-07-04 13:17:11',1),(27,'SW_32','2024-07-04 13:17:11',1),(28,'WA_311','2024-07-04 13:17:11',1),(29,'WA_312','2024-07-04 13:17:11',1),(30,'WA_313','2024-07-04 13:17:11',1),(31,'WA_314','2024-07-04 13:17:11',1),(32,'DR_321','2024-07-04 13:17:11',1),(33,'DR_322','2024-07-04 13:17:11',1),(34,'DR_323','2024-07-04 13:17:11',1),(35,'DR_324','2024-07-04 13:17:11',1),(36,'WA_321','2024-07-04 13:17:11',1),(37,'WA_322','2024-07-04 13:17:11',1),(38,'WA_323','2024-07-04 13:17:11',1),(39,'WA_324','2024-07-04 13:17:11',1),(40,'DR_331','2024-07-04 13:17:11',1),(41,'DR_332','2024-07-04 13:17:11',1),(42,'DR_333','2024-07-04 13:17:11',1),(43,'DR_334','2024-07-04 13:17:11',1),(44,'WA_331','2024-07-04 13:17:11',1),(45,'WA_332','2024-07-04 13:17:11',1),(46,'WA_333','2024-07-04 13:17:11',1),(47,'WA_334','2024-07-04 13:17:11',1),(48,'DR_322','2024-07-22 01:46:44',1),(49,'DR_321','2024-07-22 01:46:44',1),(50,'PB_12','2024-07-23 05:17:30',0),(51,'PB_34','2024-07-23 05:17:30',0),(52,'PB_56','2024-07-23 05:17:30',0),(53,'DR_211','2024-07-23 05:17:30',0),(54,'DR_212','2024-07-23 05:17:30',0),(55,'SW_21','2024-07-23 05:17:30',0),(56,'SW_22','2024-07-23 05:17:30',0),(57,'WA_211','2024-07-23 05:17:30',0),(58,'WA_212','2024-07-23 05:17:30',0),(59,'DR_221','2024-07-23 05:17:30',0),(60,'DR_222','2024-07-23 05:17:30',0),(61,'DR_223','2024-07-23 05:17:30',0),(62,'WA_221','2024-07-23 05:17:30',0),(63,'WA_222','2024-07-23 05:17:30',0),(64,'WA_223','2024-07-23 05:17:30',0),(65,'DR_231','2024-07-23 05:17:30',0),(66,'DR_232','2024-07-23 05:17:30',0),(67,'DR_233','2024-07-23 05:17:30',0),(68,'WA_231','2024-07-23 05:17:30',0),(69,'WA_232','2024-07-23 05:17:30',0),(70,'WA_233','2024-07-23 05:17:30',0),(71,'DR_311','2024-07-23 05:17:30',0),(72,'DR_312','2024-07-23 05:17:30',0),(73,'DR_313','2024-07-23 05:17:30',0),(74,'DR_314','2024-07-23 05:17:30',0),(75,'SW_31','2024-07-23 05:17:30',0),(76,'SW_32','2024-07-23 05:17:30',0),(77,'WA_311','2024-07-23 05:17:30',0),(78,'WA_312','2024-07-23 05:17:30',0),(79,'WA_313','2024-07-23 05:17:30',0),(80,'WA_314','2024-07-23 05:17:30',0),(81,'DR_321','2024-07-23 05:17:30',0),(82,'DR_322','2024-07-23 05:17:30',0),(83,'DR_323','2024-07-23 05:17:30',0),(84,'DR_324','2024-07-23 05:17:30',0),(85,'WA_321','2024-07-23 05:17:30',0),(86,'WA_322','2024-07-23 05:17:30',0),(87,'WA_323','2024-07-23 05:17:30',0),(88,'WA_324','2024-07-23 05:17:30',0),(89,'DR_331','2024-07-23 05:17:30',0),(90,'DR_332','2024-07-23 05:17:30',0),(91,'DR_333','2024-07-23 05:17:30',0),(92,'DR_334','2024-07-23 05:17:30',0),(93,'WA_331','2024-07-23 05:17:30',0),(94,'WA_332','2024-07-23 05:17:30',0),(95,'WA_333','2024-07-23 05:17:30',0),(96,'WA_334','2024-07-23 05:17:30',0),(113,'PB_12','2024-07-23 05:17:38',0),(114,'PB_34','2024-07-23 05:17:38',0),(115,'PB_56','2024-07-23 05:17:38',0),(116,'DR_211','2024-07-23 05:17:38',0),(117,'DR_212','2024-07-23 05:17:38',0),(118,'SW_21','2024-07-23 05:17:38',0),(119,'SW_22','2024-07-23 05:17:38',0),(120,'WA_211','2024-07-23 05:17:38',0),(121,'WA_212','2024-07-23 05:17:38',0),(122,'DR_221','2024-07-23 05:17:38',0),(123,'DR_222','2024-07-23 05:17:38',0),(124,'DR_223','2024-07-23 05:17:38',0),(125,'WA_221','2024-07-23 05:17:38',0),(126,'WA_222','2024-07-23 05:17:38',0),(127,'WA_223','2024-07-23 05:17:38',0),(128,'DR_231','2024-07-23 05:17:38',0),(129,'DR_232','2024-07-23 05:17:38',0),(130,'DR_233','2024-07-23 05:17:38',0),(131,'WA_231','2024-07-23 05:17:38',0),(132,'WA_232','2024-07-23 05:17:38',0),(133,'WA_233','2024-07-23 05:17:38',0),(134,'DR_311','2024-07-23 05:17:38',0),(135,'DR_312','2024-07-23 05:17:38',0),(136,'DR_313','2024-07-23 05:17:38',0),(137,'DR_314','2024-07-23 05:17:38',0),(138,'SW_31','2024-07-23 05:17:38',0),(139,'SW_32','2024-07-23 05:17:38',0),(140,'WA_311','2024-07-23 05:17:38',0),(141,'WA_312','2024-07-23 05:17:38',0),(142,'WA_313','2024-07-23 05:17:38',0),(143,'WA_314','2024-07-23 05:17:38',0),(144,'DR_321','2024-07-23 05:17:38',0),(145,'DR_322','2024-07-23 05:17:38',0),(146,'DR_323','2024-07-23 05:17:38',0),(147,'DR_324','2024-07-23 05:17:38',0),(148,'WA_321','2024-07-23 05:17:38',0),(149,'WA_322','2024-07-23 05:17:38',0),(150,'WA_323','2024-07-23 05:17:38',0),(151,'WA_324','2024-07-23 05:17:38',0),(152,'DR_331','2024-07-23 05:17:38',0),(153,'DR_332','2024-07-23 05:17:38',0),(154,'DR_333','2024-07-23 05:17:38',0),(155,'DR_334','2024-07-23 05:17:38',0),(156,'WA_331','2024-07-23 05:17:38',0),(157,'WA_332','2024-07-23 05:17:38',0),(158,'WA_333','2024-07-23 05:17:38',0),(159,'WA_334','2024-07-23 05:17:38',0),(176,'PB_12','2024-07-23 05:17:41',1),(177,'PB_34','2024-07-23 05:17:41',1),(178,'PB_56','2024-07-23 05:17:41',1),(179,'DR_211','2024-07-23 05:17:41',1),(180,'DR_212','2024-07-23 05:17:41',1),(181,'SW_21','2024-07-23 05:17:41',1),(182,'SW_22','2024-07-23 05:17:41',1),(183,'WA_211','2024-07-23 05:17:41',1),(184,'WA_212','2024-07-23 05:17:41',1),(185,'DR_221','2024-07-23 05:17:41',1),(186,'DR_222','2024-07-23 05:17:41',1),(187,'DR_223','2024-07-23 05:17:41',1),(188,'WA_221','2024-07-23 05:17:41',1),(189,'WA_222','2024-07-23 05:17:41',1),(190,'WA_223','2024-07-23 05:17:41',1),(191,'DR_231','2024-07-23 05:17:41',1),(192,'DR_232','2024-07-23 05:17:41',1),(193,'DR_233','2024-07-23 05:17:41',1),(194,'WA_231','2024-07-23 05:17:41',1),(195,'WA_232','2024-07-23 05:17:41',1),(196,'WA_233','2024-07-23 05:17:41',1),(197,'DR_311','2024-07-23 05:17:41',1),(198,'DR_312','2024-07-23 05:17:41',1),(199,'DR_313','2024-07-23 05:17:41',1),(200,'DR_314','2024-07-23 05:17:41',1),(201,'SW_31','2024-07-23 05:17:41',1),(202,'SW_32','2024-07-23 05:17:41',1),(203,'WA_311','2024-07-23 05:17:41',1),(204,'WA_312','2024-07-23 05:17:41',1),(205,'WA_313','2024-07-23 05:17:41',1),(206,'WA_314','2024-07-23 05:17:41',1),(207,'DR_321','2024-07-23 05:17:41',1),(208,'DR_322','2024-07-23 05:17:41',1),(209,'DR_323','2024-07-23 05:17:41',1),(210,'DR_324','2024-07-23 05:17:41',1),(211,'WA_321','2024-07-23 05:17:41',1),(212,'WA_322','2024-07-23 05:17:41',1),(213,'WA_323','2024-07-23 05:17:41',1),(214,'WA_324','2024-07-23 05:17:41',1),(215,'DR_331','2024-07-23 05:17:41',1),(216,'DR_332','2024-07-23 05:17:41',1),(217,'DR_333','2024-07-23 05:17:41',1),(218,'DR_334','2024-07-23 05:17:41',1),(219,'WA_331','2024-07-23 05:17:41',1),(220,'WA_332','2024-07-23 05:17:41',1),(221,'WA_333','2024-07-23 05:17:41',1),(222,'WA_334','2024-07-23 05:17:41',1),(239,'PB_12','2024-07-23 05:17:48',0),(240,'PB_34','2024-07-23 05:17:48',0),(241,'PB_56','2024-07-23 05:17:48',0),(242,'DR_211','2024-07-23 05:17:48',0),(243,'DR_212','2024-07-23 05:17:48',0),(244,'SW_21','2024-07-23 05:17:48',0),(245,'SW_22','2024-07-23 05:17:48',0),(246,'WA_211','2024-07-23 05:17:48',0),(247,'WA_212','2024-07-23 05:17:48',0),(248,'DR_221','2024-07-23 05:17:48',0),(249,'DR_222','2024-07-23 05:17:48',0),(250,'DR_223','2024-07-23 05:17:48',0),(251,'WA_221','2024-07-23 05:17:48',0),(252,'WA_222','2024-07-23 05:17:48',0),(253,'WA_223','2024-07-23 05:17:48',0),(254,'DR_231','2024-07-23 05:17:48',0),(255,'DR_232','2024-07-23 05:17:48',0),(256,'DR_233','2024-07-23 05:17:48',0),(257,'WA_231','2024-07-23 05:17:48',0),(258,'WA_232','2024-07-23 05:17:48',0),(259,'WA_233','2024-07-23 05:17:48',0),(260,'DR_311','2024-07-23 05:17:48',0),(261,'DR_312','2024-07-23 05:17:48',0),(262,'DR_313','2024-07-23 05:17:48',0),(263,'DR_314','2024-07-23 05:17:48',0),(264,'SW_31','2024-07-23 05:17:48',0),(265,'SW_32','2024-07-23 05:17:48',0),(266,'WA_311','2024-07-23 05:17:48',0),(267,'WA_312','2024-07-23 05:17:48',0),(268,'WA_313','2024-07-23 05:17:48',0),(269,'WA_314','2024-07-23 05:17:48',0),(270,'DR_321','2024-07-23 05:17:48',0),(271,'DR_322','2024-07-23 05:17:48',0),(272,'DR_323','2024-07-23 05:17:48',0),(273,'DR_324','2024-07-23 05:17:48',0),(274,'WA_321','2024-07-23 05:17:48',0),(275,'WA_322','2024-07-23 05:17:48',0),(276,'WA_323','2024-07-23 05:17:48',0),(277,'WA_324','2024-07-23 05:17:48',0),(278,'DR_331','2024-07-23 05:17:48',0),(279,'DR_332','2024-07-23 05:17:48',0),(280,'DR_333','2024-07-23 05:17:48',0),(281,'DR_334','2024-07-23 05:17:48',0),(282,'WA_331','2024-07-23 05:17:48',0),(283,'WA_332','2024-07-23 05:17:48',0),(284,'WA_333','2024-07-23 05:17:48',0),(285,'WA_334','2024-07-23 05:17:48',0),(302,'PB_12','2024-07-23 05:17:53',1),(303,'PB_34','2024-07-23 05:17:53',1),(304,'PB_56','2024-07-23 05:17:53',1),(305,'DR_211','2024-07-23 05:17:53',1),(306,'DR_212','2024-07-23 05:17:53',1),(307,'SW_21','2024-07-23 05:17:53',1),(308,'SW_22','2024-07-23 05:17:53',1),(309,'WA_211','2024-07-23 05:17:53',1),(310,'WA_212','2024-07-23 05:17:53',1),(311,'DR_221','2024-07-23 05:17:53',1),(312,'DR_222','2024-07-23 05:17:53',1),(313,'DR_223','2024-07-23 05:17:53',1),(314,'WA_221','2024-07-23 05:17:53',1),(315,'WA_222','2024-07-23 05:17:53',1),(316,'WA_223','2024-07-23 05:17:53',1),(317,'DR_231','2024-07-23 05:17:53',1),(318,'DR_232','2024-07-23 05:17:53',1),(319,'DR_233','2024-07-23 05:17:53',1),(320,'WA_231','2024-07-23 05:17:53',1),(321,'WA_232','2024-07-23 05:17:53',1),(322,'WA_233','2024-07-23 05:17:53',1),(323,'DR_311','2024-07-23 05:17:53',1),(324,'DR_312','2024-07-23 05:17:53',1),(325,'DR_313','2024-07-23 05:17:53',1),(326,'DR_314','2024-07-23 05:17:53',1),(327,'SW_31','2024-07-23 05:17:53',1),(328,'SW_32','2024-07-23 05:17:53',1),(329,'WA_311','2024-07-23 05:17:53',1),(330,'WA_312','2024-07-23 05:17:53',1),(331,'WA_313','2024-07-23 05:17:53',1),(332,'WA_314','2024-07-23 05:17:53',1),(333,'DR_321','2024-07-23 05:17:53',1),(334,'DR_322','2024-07-23 05:17:53',1),(335,'DR_323','2024-07-23 05:17:53',1),(336,'DR_324','2024-07-23 05:17:53',1),(337,'WA_321','2024-07-23 05:17:53',1),(338,'WA_322','2024-07-23 05:17:53',1),(339,'WA_323','2024-07-23 05:17:53',1),(340,'WA_324','2024-07-23 05:17:53',1),(341,'DR_331','2024-07-23 05:17:53',1),(342,'DR_332','2024-07-23 05:17:53',1),(343,'DR_333','2024-07-23 05:17:53',1),(344,'DR_334','2024-07-23 05:17:53',1),(345,'WA_331','2024-07-23 05:17:53',1),(346,'WA_332','2024-07-23 05:17:53',1),(347,'WA_333','2024-07-23 05:17:53',1),(348,'WA_334','2024-07-23 05:17:53',1),(349,'PB_12','2024-07-24 14:18:24',0),(350,'PB_34','2024-07-24 14:18:24',0),(351,'PB_56','2024-07-24 14:18:24',0),(352,'DR_211','2024-07-24 14:18:24',0),(353,'DR_212','2024-07-24 14:18:24',0),(354,'SW_21','2024-07-24 14:18:24',0),(355,'SW_22','2024-07-24 14:18:24',0),(356,'WA_211','2024-07-24 14:18:24',0),(357,'WA_212','2024-07-24 14:18:24',0),(358,'DR_221','2024-07-24 14:18:24',0),(359,'DR_222','2024-07-24 14:18:24',0),(360,'DR_223','2024-07-24 14:18:24',0),(361,'WA_221','2024-07-24 14:18:24',0),(362,'WA_222','2024-07-24 14:18:24',0),(363,'WA_223','2024-07-24 14:18:24',0),(364,'DR_231','2024-07-24 14:18:24',0),(365,'DR_232','2024-07-24 14:18:24',0),(366,'DR_233','2024-07-24 14:18:24',0),(367,'WA_231','2024-07-24 14:18:24',0),(368,'WA_232','2024-07-24 14:18:24',0),(369,'WA_233','2024-07-24 14:18:24',0),(370,'DR_311','2024-07-24 14:18:24',0),(371,'DR_312','2024-07-24 14:18:24',0),(372,'DR_313','2024-07-24 14:18:24',0),(373,'DR_314','2024-07-24 14:18:24',0),(374,'SW_31','2024-07-24 14:18:24',0),(375,'SW_32','2024-07-24 14:18:24',0),(376,'WA_311','2024-07-24 14:18:24',0),(377,'WA_312','2024-07-24 14:18:24',0),(378,'WA_313','2024-07-24 14:18:24',0),(379,'WA_314','2024-07-24 14:18:24',0),(380,'DR_321','2024-07-24 14:18:24',0),(381,'DR_322','2024-07-24 14:18:24',0),(382,'DR_323','2024-07-24 14:18:24',0),(383,'DR_324','2024-07-24 14:18:24',0),(384,'WA_321','2024-07-24 14:18:24',0),(385,'WA_322','2024-07-24 14:18:24',0),(386,'WA_323','2024-07-24 14:18:24',0),(387,'WA_324','2024-07-24 14:18:24',0),(388,'DR_331','2024-07-24 14:18:24',0),(389,'DR_332','2024-07-24 14:18:24',0),(390,'DR_333','2024-07-24 14:18:24',0),(391,'DR_334','2024-07-24 14:18:24',0),(392,'WA_331','2024-07-24 14:18:24',0),(393,'WA_332','2024-07-24 14:18:24',0),(394,'WA_333','2024-07-24 14:18:24',0),(395,'WA_334','2024-07-24 14:18:24',0),(412,'PB_12','2024-07-24 14:18:30',1),(413,'PB_34','2024-07-24 14:18:30',1),(414,'PB_56','2024-07-24 14:18:30',1),(415,'DR_211','2024-07-24 14:18:30',1),(416,'DR_212','2024-07-24 14:18:30',1),(417,'SW_21','2024-07-24 14:18:30',1),(418,'SW_22','2024-07-24 14:18:30',1),(419,'WA_211','2024-07-24 14:18:30',1),(420,'WA_212','2024-07-24 14:18:30',1),(421,'DR_221','2024-07-24 14:18:30',1),(422,'DR_222','2024-07-24 14:18:30',1),(423,'DR_223','2024-07-24 14:18:30',1),(424,'WA_221','2024-07-24 14:18:30',1),(425,'WA_222','2024-07-24 14:18:30',1),(426,'WA_223','2024-07-24 14:18:30',1),(427,'DR_231','2024-07-24 14:18:30',1),(428,'DR_232','2024-07-24 14:18:30',1),(429,'DR_233','2024-07-24 14:18:30',1),(430,'WA_231','2024-07-24 14:18:30',1),(431,'WA_232','2024-07-24 14:18:30',1),(432,'WA_233','2024-07-24 14:18:30',1),(433,'DR_311','2024-07-24 14:18:30',1),(434,'DR_312','2024-07-24 14:18:30',1),(435,'DR_313','2024-07-24 14:18:30',1),(436,'DR_314','2024-07-24 14:18:30',1),(437,'SW_31','2024-07-24 14:18:30',1),(438,'SW_32','2024-07-24 14:18:30',1),(439,'WA_311','2024-07-24 14:18:30',1),(440,'WA_312','2024-07-24 14:18:30',1),(441,'WA_313','2024-07-24 14:18:30',1),(442,'WA_314','2024-07-24 14:18:30',1),(443,'DR_321','2024-07-24 14:18:30',1),(444,'DR_322','2024-07-24 14:18:30',1),(445,'DR_323','2024-07-24 14:18:30',1),(446,'DR_324','2024-07-24 14:18:30',1),(447,'WA_321','2024-07-24 14:18:30',1),(448,'WA_322','2024-07-24 14:18:30',1),(449,'WA_323','2024-07-24 14:18:30',1),(450,'WA_324','2024-07-24 14:18:30',1),(451,'DR_331','2024-07-24 14:18:30',1),(452,'DR_332','2024-07-24 14:18:30',1),(453,'DR_333','2024-07-24 14:18:30',1),(454,'DR_334','2024-07-24 14:18:30',1),(455,'WA_331','2024-07-24 14:18:30',1),(456,'WA_332','2024-07-24 14:18:30',1),(457,'WA_333','2024-07-24 14:18:30',1),(458,'WA_334','2024-07-24 14:18:30',1),(475,'PB_12','2024-07-24 14:18:33',0),(476,'PB_34','2024-07-24 14:18:33',0),(477,'PB_56','2024-07-24 14:18:33',0),(478,'DR_211','2024-07-24 14:18:33',0),(479,'DR_212','2024-07-24 14:18:33',0),(480,'SW_21','2024-07-24 14:18:33',0),(481,'SW_22','2024-07-24 14:18:33',0),(482,'WA_211','2024-07-24 14:18:33',0),(483,'WA_212','2024-07-24 14:18:33',0),(484,'DR_221','2024-07-24 14:18:33',0),(485,'DR_222','2024-07-24 14:18:33',0),(486,'DR_223','2024-07-24 14:18:33',0),(487,'WA_221','2024-07-24 14:18:33',0),(488,'WA_222','2024-07-24 14:18:33',0),(489,'WA_223','2024-07-24 14:18:33',0),(490,'DR_231','2024-07-24 14:18:33',0),(491,'DR_232','2024-07-24 14:18:33',0),(492,'DR_233','2024-07-24 14:18:33',0),(493,'WA_231','2024-07-24 14:18:33',0),(494,'WA_232','2024-07-24 14:18:33',0),(495,'WA_233','2024-07-24 14:18:33',0),(496,'DR_311','2024-07-24 14:18:33',0),(497,'DR_312','2024-07-24 14:18:33',0),(498,'DR_313','2024-07-24 14:18:33',0),(499,'DR_314','2024-07-24 14:18:33',0),(500,'SW_31','2024-07-24 14:18:33',0),(501,'SW_32','2024-07-24 14:18:33',0),(502,'WA_311','2024-07-24 14:18:33',0),(503,'WA_312','2024-07-24 14:18:33',0),(504,'WA_313','2024-07-24 14:18:33',0),(505,'WA_314','2024-07-24 14:18:33',0),(506,'DR_321','2024-07-24 14:18:33',0),(507,'DR_322','2024-07-24 14:18:33',0),(508,'DR_323','2024-07-24 14:18:33',0),(509,'DR_324','2024-07-24 14:18:33',0),(510,'WA_321','2024-07-24 14:18:33',0),(511,'WA_322','2024-07-24 14:18:33',0),(512,'WA_323','2024-07-24 14:18:33',0),(513,'WA_324','2024-07-24 14:18:33',0),(514,'DR_331','2024-07-24 14:18:33',0),(515,'DR_332','2024-07-24 14:18:33',0),(516,'DR_333','2024-07-24 14:18:33',0),(517,'DR_334','2024-07-24 14:18:33',0),(518,'WA_331','2024-07-24 14:18:33',0),(519,'WA_332','2024-07-24 14:18:33',0),(520,'WA_333','2024-07-24 14:18:33',0),(521,'WA_334','2024-07-24 14:18:33',0),(538,'PB_12','2024-07-24 14:18:35',0),(539,'PB_34','2024-07-24 14:18:35',0),(540,'PB_56','2024-07-24 14:18:35',0),(541,'DR_211','2024-07-24 14:18:35',0),(542,'DR_212','2024-07-24 14:18:35',0),(543,'SW_21','2024-07-24 14:18:35',0),(544,'SW_22','2024-07-24 14:18:35',0),(545,'WA_211','2024-07-24 14:18:35',0),(546,'WA_212','2024-07-24 14:18:35',0),(547,'DR_221','2024-07-24 14:18:35',0),(548,'DR_222','2024-07-24 14:18:35',0),(549,'DR_223','2024-07-24 14:18:35',0),(550,'WA_221','2024-07-24 14:18:35',0),(551,'WA_222','2024-07-24 14:18:35',0),(552,'WA_223','2024-07-24 14:18:35',0),(553,'DR_231','2024-07-24 14:18:35',0),(554,'DR_232','2024-07-24 14:18:35',0),(555,'DR_233','2024-07-24 14:18:35',0),(556,'WA_231','2024-07-24 14:18:35',0),(557,'WA_232','2024-07-24 14:18:35',0),(558,'WA_233','2024-07-24 14:18:35',0),(559,'DR_311','2024-07-24 14:18:35',0),(560,'DR_312','2024-07-24 14:18:35',0),(561,'DR_313','2024-07-24 14:18:35',0),(562,'DR_314','2024-07-24 14:18:35',0),(563,'SW_31','2024-07-24 14:18:35',0),(564,'SW_32','2024-07-24 14:18:35',0),(565,'WA_311','2024-07-24 14:18:35',0),(566,'WA_312','2024-07-24 14:18:35',0),(567,'WA_313','2024-07-24 14:18:35',0),(568,'WA_314','2024-07-24 14:18:35',0),(569,'DR_321','2024-07-24 14:18:35',0),(570,'DR_322','2024-07-24 14:18:35',0),(571,'DR_323','2024-07-24 14:18:35',0),(572,'DR_324','2024-07-24 14:18:35',0),(573,'WA_321','2024-07-24 14:18:35',0),(574,'WA_322','2024-07-24 14:18:35',0),(575,'WA_323','2024-07-24 14:18:35',0),(576,'WA_324','2024-07-24 14:18:35',0),(577,'DR_331','2024-07-24 14:18:35',0),(578,'DR_332','2024-07-24 14:18:35',0),(579,'DR_333','2024-07-24 14:18:35',0),(580,'DR_334','2024-07-24 14:18:35',0),(581,'WA_331','2024-07-24 14:18:35',0),(582,'WA_332','2024-07-24 14:18:35',0),(583,'WA_333','2024-07-24 14:18:35',0),(584,'WA_334','2024-07-24 14:18:35',0),(601,'PB_12','2024-07-24 14:18:39',0),(602,'PB_34','2024-07-24 14:18:39',0),(603,'PB_56','2024-07-24 14:18:39',0),(604,'DR_211','2024-07-24 14:18:39',0),(605,'DR_212','2024-07-24 14:18:39',0),(606,'SW_21','2024-07-24 14:18:39',0),(607,'SW_22','2024-07-24 14:18:39',0),(608,'WA_211','2024-07-24 14:18:39',0),(609,'WA_212','2024-07-24 14:18:39',0),(610,'DR_221','2024-07-24 14:18:39',0),(611,'DR_222','2024-07-24 14:18:39',0),(612,'DR_223','2024-07-24 14:18:39',0),(613,'WA_221','2024-07-24 14:18:39',0),(614,'WA_222','2024-07-24 14:18:39',0),(615,'WA_223','2024-07-24 14:18:39',0),(616,'DR_231','2024-07-24 14:18:39',0),(617,'DR_232','2024-07-24 14:18:39',0),(618,'DR_233','2024-07-24 14:18:39',0),(619,'WA_231','2024-07-24 14:18:39',0),(620,'WA_232','2024-07-24 14:18:39',0),(621,'WA_233','2024-07-24 14:18:39',0),(622,'DR_311','2024-07-24 14:18:39',0),(623,'DR_312','2024-07-24 14:18:39',0),(624,'DR_313','2024-07-24 14:18:39',0),(625,'DR_314','2024-07-24 14:18:39',0),(626,'SW_31','2024-07-24 14:18:39',0),(627,'SW_32','2024-07-24 14:18:39',0),(628,'WA_311','2024-07-24 14:18:39',0),(629,'WA_312','2024-07-24 14:18:39',0),(630,'WA_313','2024-07-24 14:18:39',0),(631,'WA_314','2024-07-24 14:18:39',0),(632,'DR_321','2024-07-24 14:18:39',0),(633,'DR_322','2024-07-24 14:18:39',0),(634,'DR_323','2024-07-24 14:18:39',0),(635,'DR_324','2024-07-24 14:18:39',0),(636,'WA_321','2024-07-24 14:18:39',0),(637,'WA_322','2024-07-24 14:18:39',0),(638,'WA_323','2024-07-24 14:18:39',0),(639,'WA_324','2024-07-24 14:18:39',0),(640,'DR_331','2024-07-24 14:18:39',0),(641,'DR_332','2024-07-24 14:18:39',0),(642,'DR_333','2024-07-24 14:18:39',0),(643,'DR_334','2024-07-24 14:18:39',0),(644,'WA_331','2024-07-24 14:18:39',0),(645,'WA_332','2024-07-24 14:18:39',0),(646,'WA_333','2024-07-24 14:18:39',0),(647,'WA_334','2024-07-24 14:18:39',0),(664,'PB_12','2024-07-24 14:18:42',1),(665,'PB_34','2024-07-24 14:18:42',1),(666,'PB_56','2024-07-24 14:18:42',1),(667,'DR_211','2024-07-24 14:18:42',1),(668,'DR_212','2024-07-24 14:18:42',1),(669,'SW_21','2024-07-24 14:18:42',1),(670,'SW_22','2024-07-24 14:18:42',1),(671,'WA_211','2024-07-24 14:18:42',1),(672,'WA_212','2024-07-24 14:18:42',1),(673,'DR_221','2024-07-24 14:18:42',1),(674,'DR_222','2024-07-24 14:18:42',1),(675,'DR_223','2024-07-24 14:18:42',1),(676,'WA_221','2024-07-24 14:18:42',1),(677,'WA_222','2024-07-24 14:18:42',1),(678,'WA_223','2024-07-24 14:18:42',1),(679,'DR_231','2024-07-24 14:18:42',1),(680,'DR_232','2024-07-24 14:18:42',1),(681,'DR_233','2024-07-24 14:18:42',1),(682,'WA_231','2024-07-24 14:18:42',1),(683,'WA_232','2024-07-24 14:18:42',1),(684,'WA_233','2024-07-24 14:18:42',1),(685,'DR_311','2024-07-24 14:18:42',1),(686,'DR_312','2024-07-24 14:18:42',1),(687,'DR_313','2024-07-24 14:18:42',1),(688,'DR_314','2024-07-24 14:18:42',1),(689,'SW_31','2024-07-24 14:18:42',1),(690,'SW_32','2024-07-24 14:18:42',1),(691,'WA_311','2024-07-24 14:18:42',1),(692,'WA_312','2024-07-24 14:18:42',1),(693,'WA_313','2024-07-24 14:18:42',1),(694,'WA_314','2024-07-24 14:18:42',1),(695,'DR_321','2024-07-24 14:18:42',1),(696,'DR_322','2024-07-24 14:18:42',1),(697,'DR_323','2024-07-24 14:18:42',1),(698,'DR_324','2024-07-24 14:18:42',1),(699,'WA_321','2024-07-24 14:18:42',1),(700,'WA_322','2024-07-24 14:18:42',1),(701,'WA_323','2024-07-24 14:18:42',1),(702,'WA_324','2024-07-24 14:18:42',1),(703,'DR_331','2024-07-24 14:18:42',1),(704,'DR_332','2024-07-24 14:18:42',1),(705,'DR_333','2024-07-24 14:18:42',1),(706,'DR_334','2024-07-24 14:18:42',1),(707,'WA_331','2024-07-24 14:18:42',1),(708,'WA_332','2024-07-24 14:18:42',1),(709,'WA_333','2024-07-24 14:18:42',1),(710,'WA_334','2024-07-24 14:18:42',1),(727,'PB_12','2024-07-24 14:18:44',1),(728,'PB_34','2024-07-24 14:18:44',1),(729,'PB_56','2024-07-24 14:18:44',1),(730,'DR_211','2024-07-24 14:18:44',1),(731,'DR_212','2024-07-24 14:18:44',1),(732,'SW_21','2024-07-24 14:18:44',1),(733,'SW_22','2024-07-24 14:18:44',1),(734,'WA_211','2024-07-24 14:18:44',1),(735,'WA_212','2024-07-24 14:18:44',1),(736,'DR_221','2024-07-24 14:18:44',1),(737,'DR_222','2024-07-24 14:18:44',1),(738,'DR_223','2024-07-24 14:18:44',1),(739,'WA_221','2024-07-24 14:18:44',1),(740,'WA_222','2024-07-24 14:18:44',1),(741,'WA_223','2024-07-24 14:18:44',1),(742,'DR_231','2024-07-24 14:18:44',1),(743,'DR_232','2024-07-24 14:18:44',1),(744,'DR_233','2024-07-24 14:18:44',1),(745,'WA_231','2024-07-24 14:18:44',1),(746,'WA_232','2024-07-24 14:18:44',1),(747,'WA_233','2024-07-24 14:18:44',1),(748,'DR_311','2024-07-24 14:18:44',1),(749,'DR_312','2024-07-24 14:18:44',1),(750,'DR_313','2024-07-24 14:18:44',1),(751,'DR_314','2024-07-24 14:18:44',1),(752,'SW_31','2024-07-24 14:18:44',1),(753,'SW_32','2024-07-24 14:18:44',1),(754,'WA_311','2024-07-24 14:18:44',1),(755,'WA_312','2024-07-24 14:18:44',1),(756,'WA_313','2024-07-24 14:18:44',1),(757,'WA_314','2024-07-24 14:18:44',1),(758,'DR_321','2024-07-24 14:18:44',1),(759,'DR_322','2024-07-24 14:18:44',1),(760,'DR_323','2024-07-24 14:18:44',1),(761,'DR_324','2024-07-24 14:18:44',1),(762,'WA_321','2024-07-24 14:18:44',1),(763,'WA_322','2024-07-24 14:18:44',1),(764,'WA_323','2024-07-24 14:18:44',1),(765,'WA_324','2024-07-24 14:18:44',1),(766,'DR_331','2024-07-24 14:18:44',1),(767,'DR_332','2024-07-24 14:18:44',1),(768,'DR_333','2024-07-24 14:18:44',1),(769,'DR_334','2024-07-24 14:18:44',1),(770,'WA_331','2024-07-24 14:18:44',1),(771,'WA_332','2024-07-24 14:18:44',1),(772,'WA_333','2024-07-24 14:18:44',1),(773,'WA_334','2024-07-24 14:18:44',1),(790,'PB_12','2024-07-24 14:18:48',1),(791,'PB_34','2024-07-24 14:18:48',1),(792,'PB_56','2024-07-24 14:18:48',1),(793,'DR_211','2024-07-24 14:18:48',1),(794,'DR_212','2024-07-24 14:18:48',1),(795,'SW_21','2024-07-24 14:18:48',1),(796,'SW_22','2024-07-24 14:18:48',1),(797,'WA_211','2024-07-24 14:18:48',1),(798,'WA_212','2024-07-24 14:18:48',1),(799,'DR_221','2024-07-24 14:18:48',1),(800,'DR_222','2024-07-24 14:18:48',1),(801,'DR_223','2024-07-24 14:18:48',1),(802,'WA_221','2024-07-24 14:18:48',1),(803,'WA_222','2024-07-24 14:18:48',1),(804,'WA_223','2024-07-24 14:18:48',1),(805,'DR_231','2024-07-24 14:18:48',1),(806,'DR_232','2024-07-24 14:18:48',1),(807,'DR_233','2024-07-24 14:18:48',1),(808,'WA_231','2024-07-24 14:18:48',1),(809,'WA_232','2024-07-24 14:18:48',1),(810,'WA_233','2024-07-24 14:18:48',1),(811,'DR_311','2024-07-24 14:18:48',1),(812,'DR_312','2024-07-24 14:18:48',1),(813,'DR_313','2024-07-24 14:18:48',1),(814,'DR_314','2024-07-24 14:18:48',1),(815,'SW_31','2024-07-24 14:18:48',1),(816,'SW_32','2024-07-24 14:18:48',1),(817,'WA_311','2024-07-24 14:18:48',1),(818,'WA_312','2024-07-24 14:18:48',1),(819,'WA_313','2024-07-24 14:18:48',1),(820,'WA_314','2024-07-24 14:18:48',1),(821,'DR_321','2024-07-24 14:18:48',1),(822,'DR_322','2024-07-24 14:18:48',1),(823,'DR_323','2024-07-24 14:18:48',1),(824,'DR_324','2024-07-24 14:18:48',1),(825,'WA_321','2024-07-24 14:18:48',1),(826,'WA_322','2024-07-24 14:18:48',1),(827,'WA_323','2024-07-24 14:18:48',1),(828,'WA_324','2024-07-24 14:18:48',1),(829,'DR_331','2024-07-24 14:18:48',1),(830,'DR_332','2024-07-24 14:18:48',1),(831,'DR_333','2024-07-24 14:18:48',1),(832,'DR_334','2024-07-24 14:18:48',1),(833,'WA_331','2024-07-24 14:18:48',1),(834,'WA_332','2024-07-24 14:18:48',1),(835,'WA_333','2024-07-24 14:18:48',1),(836,'WA_334','2024-07-24 14:18:48',1),(853,'PB_12','2024-07-24 14:18:48',1),(854,'PB_34','2024-07-24 14:18:48',1),(855,'PB_56','2024-07-24 14:18:48',1),(856,'DR_211','2024-07-24 14:18:48',1),(857,'DR_212','2024-07-24 14:18:48',1),(858,'SW_21','2024-07-24 14:18:48',1),(859,'SW_22','2024-07-24 14:18:48',1),(860,'WA_211','2024-07-24 14:18:48',1),(861,'WA_212','2024-07-24 14:18:48',1),(862,'DR_221','2024-07-24 14:18:48',1),(863,'DR_222','2024-07-24 14:18:48',1),(864,'DR_223','2024-07-24 14:18:48',1),(865,'WA_221','2024-07-24 14:18:48',1),(866,'WA_222','2024-07-24 14:18:48',1),(867,'WA_223','2024-07-24 14:18:48',1),(868,'DR_231','2024-07-24 14:18:48',1),(869,'DR_232','2024-07-24 14:18:48',1),(870,'DR_233','2024-07-24 14:18:48',1),(871,'WA_231','2024-07-24 14:18:48',1),(872,'WA_232','2024-07-24 14:18:48',1),(873,'WA_233','2024-07-24 14:18:48',1),(874,'DR_311','2024-07-24 14:18:48',1),(875,'DR_312','2024-07-24 14:18:48',1),(876,'DR_313','2024-07-24 14:18:48',1),(877,'DR_314','2024-07-24 14:18:48',1),(878,'SW_31','2024-07-24 14:18:48',1),(879,'SW_32','2024-07-24 14:18:48',1),(880,'WA_311','2024-07-24 14:18:48',1),(881,'WA_312','2024-07-24 14:18:48',1),(882,'WA_313','2024-07-24 14:18:48',1),(883,'WA_314','2024-07-24 14:18:48',1),(884,'DR_321','2024-07-24 14:18:48',1),(885,'DR_322','2024-07-24 14:18:48',1),(886,'DR_323','2024-07-24 14:18:48',1),(887,'DR_324','2024-07-24 14:18:48',1),(888,'WA_321','2024-07-24 14:18:48',1),(889,'WA_322','2024-07-24 14:18:48',1),(890,'WA_323','2024-07-24 14:18:48',1),(891,'WA_324','2024-07-24 14:18:48',1),(892,'DR_331','2024-07-24 14:18:48',1),(893,'DR_332','2024-07-24 14:18:48',1),(894,'DR_333','2024-07-24 14:18:48',1),(895,'DR_334','2024-07-24 14:18:48',1),(896,'WA_331','2024-07-24 14:18:48',1),(897,'WA_332','2024-07-24 14:18:48',1),(898,'WA_333','2024-07-24 14:18:48',1),(899,'WA_334','2024-07-24 14:18:48',1),(916,'PB_12','2024-07-24 14:18:48',1),(917,'PB_34','2024-07-24 14:18:48',1),(918,'PB_56','2024-07-24 14:18:48',1),(919,'DR_211','2024-07-24 14:18:48',1),(920,'DR_212','2024-07-24 14:18:48',1),(921,'SW_21','2024-07-24 14:18:48',1),(922,'SW_22','2024-07-24 14:18:48',1),(923,'WA_211','2024-07-24 14:18:48',1),(924,'WA_212','2024-07-24 14:18:48',1),(925,'DR_221','2024-07-24 14:18:48',1),(926,'DR_222','2024-07-24 14:18:48',1),(927,'DR_223','2024-07-24 14:18:48',1),(928,'WA_221','2024-07-24 14:18:48',1),(929,'WA_222','2024-07-24 14:18:48',1),(930,'WA_223','2024-07-24 14:18:48',1),(931,'DR_231','2024-07-24 14:18:48',1),(932,'DR_232','2024-07-24 14:18:48',1),(933,'DR_233','2024-07-24 14:18:48',1),(934,'WA_231','2024-07-24 14:18:48',1),(935,'WA_232','2024-07-24 14:18:48',1),(936,'WA_233','2024-07-24 14:18:48',1),(937,'DR_311','2024-07-24 14:18:48',1),(938,'DR_312','2024-07-24 14:18:48',1),(939,'DR_313','2024-07-24 14:18:48',1),(940,'DR_314','2024-07-24 14:18:48',1),(941,'SW_31','2024-07-24 14:18:48',1),(942,'SW_32','2024-07-24 14:18:48',1),(943,'WA_311','2024-07-24 14:18:48',1),(944,'WA_312','2024-07-24 14:18:48',1),(945,'WA_313','2024-07-24 14:18:48',1),(946,'WA_314','2024-07-24 14:18:48',1),(947,'DR_321','2024-07-24 14:18:48',1),(948,'DR_322','2024-07-24 14:18:48',1),(949,'DR_323','2024-07-24 14:18:48',1),(950,'DR_324','2024-07-24 14:18:48',1),(951,'WA_321','2024-07-24 14:18:48',1),(952,'WA_322','2024-07-24 14:18:48',1),(953,'WA_323','2024-07-24 14:18:48',1),(954,'WA_324','2024-07-24 14:18:48',1),(955,'DR_331','2024-07-24 14:18:48',1),(956,'DR_332','2024-07-24 14:18:48',1),(957,'DR_333','2024-07-24 14:18:48',1),(958,'DR_334','2024-07-24 14:18:48',1),(959,'WA_331','2024-07-24 14:18:48',1),(960,'WA_332','2024-07-24 14:18:48',1),(961,'WA_333','2024-07-24 14:18:48',1),(962,'WA_334','2024-07-24 14:18:48',1),(979,'PB_12','2024-07-24 14:18:49',1),(980,'PB_34','2024-07-24 14:18:49',1),(981,'PB_56','2024-07-24 14:18:49',1),(982,'DR_211','2024-07-24 14:18:49',1),(983,'DR_212','2024-07-24 14:18:49',1),(984,'SW_21','2024-07-24 14:18:49',1),(985,'SW_22','2024-07-24 14:18:49',1),(986,'WA_211','2024-07-24 14:18:49',1),(987,'WA_212','2024-07-24 14:18:49',1),(988,'DR_221','2024-07-24 14:18:49',1),(989,'DR_222','2024-07-24 14:18:49',1),(990,'DR_223','2024-07-24 14:18:49',1),(991,'WA_221','2024-07-24 14:18:49',1),(992,'WA_222','2024-07-24 14:18:49',1),(993,'WA_223','2024-07-24 14:18:49',1),(994,'DR_231','2024-07-24 14:18:49',1),(995,'DR_232','2024-07-24 14:18:49',1),(996,'DR_233','2024-07-24 14:18:49',1),(997,'WA_231','2024-07-24 14:18:49',1),(998,'WA_232','2024-07-24 14:18:49',1),(999,'WA_233','2024-07-24 14:18:49',1),(1000,'DR_311','2024-07-24 14:18:49',1),(1001,'DR_312','2024-07-24 14:18:49',1),(1002,'DR_313','2024-07-24 14:18:49',1),(1003,'DR_314','2024-07-24 14:18:49',1),(1004,'SW_31','2024-07-24 14:18:49',1),(1005,'SW_32','2024-07-24 14:18:49',1),(1006,'WA_311','2024-07-24 14:18:49',1),(1007,'WA_312','2024-07-24 14:18:49',1),(1008,'WA_313','2024-07-24 14:18:49',1),(1009,'WA_314','2024-07-24 14:18:49',1),(1010,'DR_321','2024-07-24 14:18:49',1),(1011,'DR_322','2024-07-24 14:18:49',1),(1012,'DR_323','2024-07-24 14:18:49',1),(1013,'DR_324','2024-07-24 14:18:49',1),(1014,'WA_321','2024-07-24 14:18:49',1),(1015,'WA_322','2024-07-24 14:18:49',1),(1016,'WA_323','2024-07-24 14:18:49',1),(1017,'WA_324','2024-07-24 14:18:49',1),(1018,'DR_331','2024-07-24 14:18:49',1),(1019,'DR_332','2024-07-24 14:18:49',1),(1020,'DR_333','2024-07-24 14:18:49',1),(1021,'DR_334','2024-07-24 14:18:49',1),(1022,'WA_331','2024-07-24 14:18:49',1),(1023,'WA_332','2024-07-24 14:18:49',1),(1024,'WA_333','2024-07-24 14:18:49',1),(1025,'WA_334','2024-07-24 14:18:49',1),(1042,'PB_12','2024-07-24 14:18:50',0),(1043,'PB_34','2024-07-24 14:18:50',0),(1044,'PB_56','2024-07-24 14:18:50',0),(1045,'DR_211','2024-07-24 14:18:50',0),(1046,'DR_212','2024-07-24 14:18:50',0),(1047,'SW_21','2024-07-24 14:18:50',0),(1048,'SW_22','2024-07-24 14:18:50',0),(1049,'WA_211','2024-07-24 14:18:50',0),(1050,'WA_212','2024-07-24 14:18:50',0),(1051,'DR_221','2024-07-24 14:18:50',0),(1052,'DR_222','2024-07-24 14:18:50',0),(1053,'DR_223','2024-07-24 14:18:50',0),(1054,'WA_221','2024-07-24 14:18:50',0),(1055,'WA_222','2024-07-24 14:18:50',0),(1056,'WA_223','2024-07-24 14:18:50',0),(1057,'DR_231','2024-07-24 14:18:50',0),(1058,'DR_232','2024-07-24 14:18:50',0),(1059,'DR_233','2024-07-24 14:18:50',0),(1060,'WA_231','2024-07-24 14:18:50',0),(1061,'WA_232','2024-07-24 14:18:50',0),(1062,'WA_233','2024-07-24 14:18:50',0),(1063,'DR_311','2024-07-24 14:18:50',0),(1064,'DR_312','2024-07-24 14:18:50',0),(1065,'DR_313','2024-07-24 14:18:50',0),(1066,'DR_314','2024-07-24 14:18:50',0),(1067,'SW_31','2024-07-24 14:18:50',0),(1068,'SW_32','2024-07-24 14:18:50',0),(1069,'WA_311','2024-07-24 14:18:50',0),(1070,'WA_312','2024-07-24 14:18:50',0),(1071,'WA_313','2024-07-24 14:18:50',0),(1072,'WA_314','2024-07-24 14:18:50',0),(1073,'DR_321','2024-07-24 14:18:50',0),(1074,'DR_322','2024-07-24 14:18:50',0),(1075,'DR_323','2024-07-24 14:18:50',0),(1076,'DR_324','2024-07-24 14:18:50',0),(1077,'WA_321','2024-07-24 14:18:50',0),(1078,'WA_322','2024-07-24 14:18:50',0),(1079,'WA_323','2024-07-24 14:18:50',0),(1080,'WA_324','2024-07-24 14:18:50',0),(1081,'DR_331','2024-07-24 14:18:50',0),(1082,'DR_332','2024-07-24 14:18:50',0),(1083,'DR_333','2024-07-24 14:18:50',0),(1084,'DR_334','2024-07-24 14:18:50',0),(1085,'WA_331','2024-07-24 14:18:50',0),(1086,'WA_332','2024-07-24 14:18:50',0),(1087,'WA_333','2024-07-24 14:18:50',0),(1088,'WA_334','2024-07-24 14:18:50',0),(1105,'PB_12','2024-07-24 14:18:51',0),(1106,'PB_34','2024-07-24 14:18:51',0),(1107,'PB_56','2024-07-24 14:18:51',0),(1108,'DR_211','2024-07-24 14:18:51',0),(1109,'DR_212','2024-07-24 14:18:51',0),(1110,'SW_21','2024-07-24 14:18:51',0),(1111,'SW_22','2024-07-24 14:18:51',0),(1112,'WA_211','2024-07-24 14:18:51',0),(1113,'WA_212','2024-07-24 14:18:51',0),(1114,'DR_221','2024-07-24 14:18:51',0),(1115,'DR_222','2024-07-24 14:18:51',0),(1116,'DR_223','2024-07-24 14:18:51',0),(1117,'WA_221','2024-07-24 14:18:51',0),(1118,'WA_222','2024-07-24 14:18:51',0),(1119,'WA_223','2024-07-24 14:18:51',0),(1120,'DR_231','2024-07-24 14:18:51',0),(1121,'DR_232','2024-07-24 14:18:51',0),(1122,'DR_233','2024-07-24 14:18:51',0),(1123,'WA_231','2024-07-24 14:18:51',0),(1124,'WA_232','2024-07-24 14:18:51',0),(1125,'WA_233','2024-07-24 14:18:51',0),(1126,'DR_311','2024-07-24 14:18:51',0),(1127,'DR_312','2024-07-24 14:18:51',0),(1128,'DR_313','2024-07-24 14:18:51',0),(1129,'DR_314','2024-07-24 14:18:51',0),(1130,'SW_31','2024-07-24 14:18:51',0),(1131,'SW_32','2024-07-24 14:18:51',0),(1132,'WA_311','2024-07-24 14:18:51',0),(1133,'WA_312','2024-07-24 14:18:51',0),(1134,'WA_313','2024-07-24 14:18:51',0),(1135,'WA_314','2024-07-24 14:18:51',0),(1136,'DR_321','2024-07-24 14:18:51',0),(1137,'DR_322','2024-07-24 14:18:51',0),(1138,'DR_323','2024-07-24 14:18:51',0),(1139,'DR_324','2024-07-24 14:18:51',0),(1140,'WA_321','2024-07-24 14:18:51',0),(1141,'WA_322','2024-07-24 14:18:51',0),(1142,'WA_323','2024-07-24 14:18:51',0),(1143,'WA_324','2024-07-24 14:18:51',0),(1144,'DR_331','2024-07-24 14:18:51',0),(1145,'DR_332','2024-07-24 14:18:51',0),(1146,'DR_333','2024-07-24 14:18:51',0),(1147,'DR_334','2024-07-24 14:18:51',0),(1148,'WA_331','2024-07-24 14:18:51',0),(1149,'WA_332','2024-07-24 14:18:51',0),(1150,'WA_333','2024-07-24 14:18:51',0),(1151,'WA_334','2024-07-24 14:18:51',0),(1168,'PB_12','2024-07-24 14:18:52',0),(1169,'PB_34','2024-07-24 14:18:52',0),(1170,'PB_56','2024-07-24 14:18:52',0),(1171,'DR_211','2024-07-24 14:18:52',0),(1172,'DR_212','2024-07-24 14:18:52',0),(1173,'SW_21','2024-07-24 14:18:52',0),(1174,'SW_22','2024-07-24 14:18:52',0),(1175,'WA_211','2024-07-24 14:18:52',0),(1176,'WA_212','2024-07-24 14:18:52',0),(1177,'DR_221','2024-07-24 14:18:52',0),(1178,'DR_222','2024-07-24 14:18:52',0),(1179,'DR_223','2024-07-24 14:18:52',0),(1180,'WA_221','2024-07-24 14:18:52',0),(1181,'WA_222','2024-07-24 14:18:52',0),(1182,'WA_223','2024-07-24 14:18:52',0),(1183,'DR_231','2024-07-24 14:18:52',0),(1184,'DR_232','2024-07-24 14:18:52',0),(1185,'DR_233','2024-07-24 14:18:52',0),(1186,'WA_231','2024-07-24 14:18:52',0),(1187,'WA_232','2024-07-24 14:18:52',0),(1188,'WA_233','2024-07-24 14:18:52',0),(1189,'DR_311','2024-07-24 14:18:52',0),(1190,'DR_312','2024-07-24 14:18:52',0),(1191,'DR_313','2024-07-24 14:18:52',0),(1192,'DR_314','2024-07-24 14:18:52',0),(1193,'SW_31','2024-07-24 14:18:52',0),(1194,'SW_32','2024-07-24 14:18:52',0),(1195,'WA_311','2024-07-24 14:18:52',0),(1196,'WA_312','2024-07-24 14:18:52',0),(1197,'WA_313','2024-07-24 14:18:52',0),(1198,'WA_314','2024-07-24 14:18:52',0),(1199,'DR_321','2024-07-24 14:18:52',0),(1200,'DR_322','2024-07-24 14:18:52',0),(1201,'DR_323','2024-07-24 14:18:52',0),(1202,'DR_324','2024-07-24 14:18:52',0),(1203,'WA_321','2024-07-24 14:18:52',0),(1204,'WA_322','2024-07-24 14:18:52',0),(1205,'WA_323','2024-07-24 14:18:52',0),(1206,'WA_324','2024-07-24 14:18:52',0),(1207,'DR_331','2024-07-24 14:18:52',0),(1208,'DR_332','2024-07-24 14:18:52',0),(1209,'DR_333','2024-07-24 14:18:52',0),(1210,'DR_334','2024-07-24 14:18:52',0),(1211,'WA_331','2024-07-24 14:18:52',0),(1212,'WA_332','2024-07-24 14:18:52',0),(1213,'WA_333','2024-07-24 14:18:52',0),(1214,'WA_334','2024-07-24 14:18:52',0),(1231,'PB_12','2024-07-24 14:18:52',0),(1232,'PB_34','2024-07-24 14:18:52',0),(1233,'PB_56','2024-07-24 14:18:52',0),(1234,'DR_211','2024-07-24 14:18:52',0),(1235,'DR_212','2024-07-24 14:18:52',0),(1236,'SW_21','2024-07-24 14:18:52',0),(1237,'SW_22','2024-07-24 14:18:52',0),(1238,'WA_211','2024-07-24 14:18:52',0),(1239,'WA_212','2024-07-24 14:18:52',0),(1240,'DR_221','2024-07-24 14:18:52',0),(1241,'DR_222','2024-07-24 14:18:52',0),(1242,'DR_223','2024-07-24 14:18:52',0),(1243,'WA_221','2024-07-24 14:18:52',0),(1244,'WA_222','2024-07-24 14:18:52',0),(1245,'WA_223','2024-07-24 14:18:52',0),(1246,'DR_231','2024-07-24 14:18:52',0),(1247,'DR_232','2024-07-24 14:18:52',0),(1248,'DR_233','2024-07-24 14:18:52',0),(1249,'WA_231','2024-07-24 14:18:52',0),(1250,'WA_232','2024-07-24 14:18:52',0),(1251,'WA_233','2024-07-24 14:18:52',0),(1252,'DR_311','2024-07-24 14:18:52',0),(1253,'DR_312','2024-07-24 14:18:52',0),(1254,'DR_313','2024-07-24 14:18:52',0),(1255,'DR_314','2024-07-24 14:18:52',0),(1256,'SW_31','2024-07-24 14:18:52',0),(1257,'SW_32','2024-07-24 14:18:52',0),(1258,'WA_311','2024-07-24 14:18:52',0),(1259,'WA_312','2024-07-24 14:18:52',0),(1260,'WA_313','2024-07-24 14:18:52',0),(1261,'WA_314','2024-07-24 14:18:52',0),(1262,'DR_321','2024-07-24 14:18:52',0),(1263,'DR_322','2024-07-24 14:18:52',0),(1264,'DR_323','2024-07-24 14:18:52',0),(1265,'DR_324','2024-07-24 14:18:52',0),(1266,'WA_321','2024-07-24 14:18:52',0),(1267,'WA_322','2024-07-24 14:18:52',0),(1268,'WA_323','2024-07-24 14:18:52',0),(1269,'WA_324','2024-07-24 14:18:52',0),(1270,'DR_331','2024-07-24 14:18:52',0),(1271,'DR_332','2024-07-24 14:18:52',0),(1272,'DR_333','2024-07-24 14:18:52',0),(1273,'DR_334','2024-07-24 14:18:52',0),(1274,'WA_331','2024-07-24 14:18:52',0),(1275,'WA_332','2024-07-24 14:18:52',0),(1276,'WA_333','2024-07-24 14:18:52',0),(1277,'WA_334','2024-07-24 14:18:52',0),(1294,'PB_12','2024-07-24 14:18:53',1),(1295,'PB_34','2024-07-24 14:18:53',1),(1296,'PB_56','2024-07-24 14:18:53',1),(1297,'DR_211','2024-07-24 14:18:53',1),(1298,'DR_212','2024-07-24 14:18:53',1),(1299,'SW_21','2024-07-24 14:18:53',1),(1300,'SW_22','2024-07-24 14:18:53',1),(1301,'WA_211','2024-07-24 14:18:53',1),(1302,'WA_212','2024-07-24 14:18:53',1),(1303,'DR_221','2024-07-24 14:18:53',1),(1304,'DR_222','2024-07-24 14:18:53',1),(1305,'DR_223','2024-07-24 14:18:53',1),(1306,'WA_221','2024-07-24 14:18:53',1),(1307,'WA_222','2024-07-24 14:18:53',1),(1308,'WA_223','2024-07-24 14:18:53',1),(1309,'DR_231','2024-07-24 14:18:53',1),(1310,'DR_232','2024-07-24 14:18:53',1),(1311,'DR_233','2024-07-24 14:18:53',1),(1312,'WA_231','2024-07-24 14:18:53',1),(1313,'WA_232','2024-07-24 14:18:53',1),(1314,'WA_233','2024-07-24 14:18:53',1),(1315,'DR_311','2024-07-24 14:18:53',1),(1316,'DR_312','2024-07-24 14:18:53',1),(1317,'DR_313','2024-07-24 14:18:53',1),(1318,'DR_314','2024-07-24 14:18:53',1),(1319,'SW_31','2024-07-24 14:18:53',1),(1320,'SW_32','2024-07-24 14:18:53',1),(1321,'WA_311','2024-07-24 14:18:53',1),(1322,'WA_312','2024-07-24 14:18:53',1),(1323,'WA_313','2024-07-24 14:18:53',1),(1324,'WA_314','2024-07-24 14:18:53',1),(1325,'DR_321','2024-07-24 14:18:53',1),(1326,'DR_322','2024-07-24 14:18:53',1),(1327,'DR_323','2024-07-24 14:18:53',1),(1328,'DR_324','2024-07-24 14:18:53',1),(1329,'WA_321','2024-07-24 14:18:53',1),(1330,'WA_322','2024-07-24 14:18:53',1),(1331,'WA_323','2024-07-24 14:18:53',1),(1332,'WA_324','2024-07-24 14:18:53',1),(1333,'DR_331','2024-07-24 14:18:53',1),(1334,'DR_332','2024-07-24 14:18:53',1),(1335,'DR_333','2024-07-24 14:18:53',1),(1336,'DR_334','2024-07-24 14:18:53',1),(1337,'WA_331','2024-07-24 14:18:53',1),(1338,'WA_332','2024-07-24 14:18:53',1),(1339,'WA_333','2024-07-24 14:18:53',1),(1340,'WA_334','2024-07-24 14:18:53',1),(1357,'PB_12','2024-07-24 14:18:58',1),(1358,'PB_34','2024-07-24 14:18:58',1),(1359,'PB_56','2024-07-24 14:18:58',1),(1360,'DR_211','2024-07-24 14:18:58',1),(1361,'DR_212','2024-07-24 14:18:58',1),(1362,'SW_21','2024-07-24 14:18:58',1),(1363,'SW_22','2024-07-24 14:18:58',1),(1364,'WA_211','2024-07-24 14:18:58',1),(1365,'WA_212','2024-07-24 14:18:58',1),(1366,'DR_221','2024-07-24 14:18:58',1),(1367,'DR_222','2024-07-24 14:18:58',1),(1368,'DR_223','2024-07-24 14:18:58',1),(1369,'WA_221','2024-07-24 14:18:58',1),(1370,'WA_222','2024-07-24 14:18:58',1),(1371,'WA_223','2024-07-24 14:18:58',1),(1372,'DR_231','2024-07-24 14:18:58',1),(1373,'DR_232','2024-07-24 14:18:58',1),(1374,'DR_233','2024-07-24 14:18:58',1),(1375,'WA_231','2024-07-24 14:18:58',1),(1376,'WA_232','2024-07-24 14:18:58',1),(1377,'WA_233','2024-07-24 14:18:58',1),(1378,'DR_311','2024-07-24 14:18:58',1),(1379,'DR_312','2024-07-24 14:18:58',1),(1380,'DR_313','2024-07-24 14:18:58',1),(1381,'DR_314','2024-07-24 14:18:58',1),(1382,'SW_31','2024-07-24 14:18:58',1),(1383,'SW_32','2024-07-24 14:18:58',1),(1384,'WA_311','2024-07-24 14:18:58',1),(1385,'WA_312','2024-07-24 14:18:58',1),(1386,'WA_313','2024-07-24 14:18:58',1),(1387,'WA_314','2024-07-24 14:18:58',1),(1388,'DR_321','2024-07-24 14:18:58',1),(1389,'DR_322','2024-07-24 14:18:58',1),(1390,'DR_323','2024-07-24 14:18:58',1),(1391,'DR_324','2024-07-24 14:18:58',1),(1392,'WA_321','2024-07-24 14:18:58',1),(1393,'WA_322','2024-07-24 14:18:58',1),(1394,'WA_323','2024-07-24 14:18:58',1),(1395,'WA_324','2024-07-24 14:18:58',1),(1396,'DR_331','2024-07-24 14:18:58',1),(1397,'DR_332','2024-07-24 14:18:58',1),(1398,'DR_333','2024-07-24 14:18:58',1),(1399,'DR_334','2024-07-24 14:18:58',1),(1400,'WA_331','2024-07-24 14:18:58',1),(1401,'WA_332','2024-07-24 14:18:58',1),(1402,'WA_333','2024-07-24 14:18:58',1),(1403,'WA_334','2024-07-24 14:18:58',1),(1420,'PB_12','2024-07-24 14:19:00',0),(1421,'PB_34','2024-07-24 14:19:00',0),(1422,'PB_56','2024-07-24 14:19:00',0),(1423,'DR_211','2024-07-24 14:19:00',0),(1424,'DR_212','2024-07-24 14:19:00',0),(1425,'SW_21','2024-07-24 14:19:00',0),(1426,'SW_22','2024-07-24 14:19:00',0),(1427,'WA_211','2024-07-24 14:19:00',0),(1428,'WA_212','2024-07-24 14:19:00',0),(1429,'DR_221','2024-07-24 14:19:00',0),(1430,'DR_222','2024-07-24 14:19:00',0),(1431,'DR_223','2024-07-24 14:19:00',0),(1432,'WA_221','2024-07-24 14:19:00',0),(1433,'WA_222','2024-07-24 14:19:00',0),(1434,'WA_223','2024-07-24 14:19:00',0),(1435,'DR_231','2024-07-24 14:19:00',0),(1436,'DR_232','2024-07-24 14:19:00',0),(1437,'DR_233','2024-07-24 14:19:00',0),(1438,'WA_231','2024-07-24 14:19:00',0),(1439,'WA_232','2024-07-24 14:19:00',0),(1440,'WA_233','2024-07-24 14:19:00',0),(1441,'DR_311','2024-07-24 14:19:00',0),(1442,'DR_312','2024-07-24 14:19:00',0),(1443,'DR_313','2024-07-24 14:19:00',0),(1444,'DR_314','2024-07-24 14:19:00',0),(1445,'SW_31','2024-07-24 14:19:00',0),(1446,'SW_32','2024-07-24 14:19:00',0),(1447,'WA_311','2024-07-24 14:19:00',0),(1448,'WA_312','2024-07-24 14:19:00',0),(1449,'WA_313','2024-07-24 14:19:00',0),(1450,'WA_314','2024-07-24 14:19:00',0),(1451,'DR_321','2024-07-24 14:19:00',0),(1452,'DR_322','2024-07-24 14:19:00',0),(1453,'DR_323','2024-07-24 14:19:00',0),(1454,'DR_324','2024-07-24 14:19:00',0),(1455,'WA_321','2024-07-24 14:19:00',0),(1456,'WA_322','2024-07-24 14:19:00',0),(1457,'WA_323','2024-07-24 14:19:00',0),(1458,'WA_324','2024-07-24 14:19:00',0),(1459,'DR_331','2024-07-24 14:19:00',0),(1460,'DR_332','2024-07-24 14:19:00',0),(1461,'DR_333','2024-07-24 14:19:00',0),(1462,'DR_334','2024-07-24 14:19:00',0),(1463,'WA_331','2024-07-24 14:19:00',0),(1464,'WA_332','2024-07-24 14:19:00',0),(1465,'WA_333','2024-07-24 14:19:00',0),(1466,'WA_334','2024-07-24 14:19:00',0),(1483,'PB_12','2024-07-24 14:19:03',0),(1484,'PB_34','2024-07-24 14:19:03',0),(1485,'PB_56','2024-07-24 14:19:03',0),(1486,'DR_211','2024-07-24 14:19:03',0),(1487,'DR_212','2024-07-24 14:19:03',0),(1488,'SW_21','2024-07-24 14:19:03',0),(1489,'SW_22','2024-07-24 14:19:03',0),(1490,'WA_211','2024-07-24 14:19:03',0),(1491,'WA_212','2024-07-24 14:19:03',0),(1492,'DR_221','2024-07-24 14:19:03',0),(1493,'DR_222','2024-07-24 14:19:03',0),(1494,'DR_223','2024-07-24 14:19:03',0),(1495,'WA_221','2024-07-24 14:19:03',0),(1496,'WA_222','2024-07-24 14:19:03',0),(1497,'WA_223','2024-07-24 14:19:03',0),(1498,'DR_231','2024-07-24 14:19:03',0),(1499,'DR_232','2024-07-24 14:19:03',0),(1500,'DR_233','2024-07-24 14:19:03',0),(1501,'WA_231','2024-07-24 14:19:03',0),(1502,'WA_232','2024-07-24 14:19:03',0),(1503,'WA_233','2024-07-24 14:19:03',0),(1504,'DR_311','2024-07-24 14:19:03',0),(1505,'DR_312','2024-07-24 14:19:03',0),(1506,'DR_313','2024-07-24 14:19:03',0),(1507,'DR_314','2024-07-24 14:19:03',0),(1508,'SW_31','2024-07-24 14:19:03',0),(1509,'SW_32','2024-07-24 14:19:03',0),(1510,'WA_311','2024-07-24 14:19:03',0),(1511,'WA_312','2024-07-24 14:19:03',0),(1512,'WA_313','2024-07-24 14:19:03',0),(1513,'WA_314','2024-07-24 14:19:03',0),(1514,'DR_321','2024-07-24 14:19:03',0),(1515,'DR_322','2024-07-24 14:19:03',0),(1516,'DR_323','2024-07-24 14:19:03',0),(1517,'DR_324','2024-07-24 14:19:03',0),(1518,'WA_321','2024-07-24 14:19:03',0),(1519,'WA_322','2024-07-24 14:19:03',0),(1520,'WA_323','2024-07-24 14:19:03',0),(1521,'WA_324','2024-07-24 14:19:03',0),(1522,'DR_331','2024-07-24 14:19:03',0),(1523,'DR_332','2024-07-24 14:19:03',0),(1524,'DR_333','2024-07-24 14:19:03',0),(1525,'DR_334','2024-07-24 14:19:03',0),(1526,'WA_331','2024-07-24 14:19:03',0),(1527,'WA_332','2024-07-24 14:19:03',0),(1528,'WA_333','2024-07-24 14:19:03',0),(1529,'WA_334','2024-07-24 14:19:03',0),(1546,'PB_12','2024-07-24 14:19:03',0),(1547,'PB_34','2024-07-24 14:19:03',0),(1548,'PB_56','2024-07-24 14:19:03',0),(1549,'DR_211','2024-07-24 14:19:03',0),(1550,'DR_212','2024-07-24 14:19:03',0),(1551,'SW_21','2024-07-24 14:19:03',0),(1552,'SW_22','2024-07-24 14:19:03',0),(1553,'WA_211','2024-07-24 14:19:03',0),(1554,'WA_212','2024-07-24 14:19:03',0),(1555,'DR_221','2024-07-24 14:19:03',0),(1556,'DR_222','2024-07-24 14:19:03',0),(1557,'DR_223','2024-07-24 14:19:03',0),(1558,'WA_221','2024-07-24 14:19:03',0),(1559,'WA_222','2024-07-24 14:19:03',0),(1560,'WA_223','2024-07-24 14:19:03',0),(1561,'DR_231','2024-07-24 14:19:03',0),(1562,'DR_232','2024-07-24 14:19:03',0),(1563,'DR_233','2024-07-24 14:19:03',0),(1564,'WA_231','2024-07-24 14:19:03',0),(1565,'WA_232','2024-07-24 14:19:03',0),(1566,'WA_233','2024-07-24 14:19:03',0),(1567,'DR_311','2024-07-24 14:19:03',0),(1568,'DR_312','2024-07-24 14:19:03',0),(1569,'DR_313','2024-07-24 14:19:03',0),(1570,'DR_314','2024-07-24 14:19:03',0),(1571,'SW_31','2024-07-24 14:19:03',0),(1572,'SW_32','2024-07-24 14:19:03',0),(1573,'WA_311','2024-07-24 14:19:03',0),(1574,'WA_312','2024-07-24 14:19:03',0),(1575,'WA_313','2024-07-24 14:19:03',0),(1576,'WA_314','2024-07-24 14:19:03',0),(1577,'DR_321','2024-07-24 14:19:03',0),(1578,'DR_322','2024-07-24 14:19:03',0),(1579,'DR_323','2024-07-24 14:19:03',0),(1580,'DR_324','2024-07-24 14:19:03',0),(1581,'WA_321','2024-07-24 14:19:03',0),(1582,'WA_322','2024-07-24 14:19:03',0),(1583,'WA_323','2024-07-24 14:19:03',0),(1584,'WA_324','2024-07-24 14:19:03',0),(1585,'DR_331','2024-07-24 14:19:03',0),(1586,'DR_332','2024-07-24 14:19:03',0),(1587,'DR_333','2024-07-24 14:19:03',0),(1588,'DR_334','2024-07-24 14:19:03',0),(1589,'WA_331','2024-07-24 14:19:03',0),(1590,'WA_332','2024-07-24 14:19:03',0),(1591,'WA_333','2024-07-24 14:19:03',0),(1592,'WA_334','2024-07-24 14:19:03',0),(1609,'PB_12','2024-07-24 14:19:04',0),(1610,'PB_34','2024-07-24 14:19:04',0),(1611,'PB_56','2024-07-24 14:19:04',0),(1612,'DR_211','2024-07-24 14:19:04',0),(1613,'DR_212','2024-07-24 14:19:04',0),(1614,'SW_21','2024-07-24 14:19:04',0),(1615,'SW_22','2024-07-24 14:19:04',0),(1616,'WA_211','2024-07-24 14:19:04',0),(1617,'WA_212','2024-07-24 14:19:04',0),(1618,'DR_221','2024-07-24 14:19:04',0),(1619,'DR_222','2024-07-24 14:19:04',0),(1620,'DR_223','2024-07-24 14:19:04',0),(1621,'WA_221','2024-07-24 14:19:04',0),(1622,'WA_222','2024-07-24 14:19:04',0),(1623,'WA_223','2024-07-24 14:19:04',0),(1624,'DR_231','2024-07-24 14:19:04',0),(1625,'DR_232','2024-07-24 14:19:04',0),(1626,'DR_233','2024-07-24 14:19:04',0),(1627,'WA_231','2024-07-24 14:19:04',0),(1628,'WA_232','2024-07-24 14:19:04',0),(1629,'WA_233','2024-07-24 14:19:04',0),(1630,'DR_311','2024-07-24 14:19:04',0),(1631,'DR_312','2024-07-24 14:19:04',0),(1632,'DR_313','2024-07-24 14:19:04',0),(1633,'DR_314','2024-07-24 14:19:04',0),(1634,'SW_31','2024-07-24 14:19:04',0),(1635,'SW_32','2024-07-24 14:19:04',0),(1636,'WA_311','2024-07-24 14:19:04',0),(1637,'WA_312','2024-07-24 14:19:04',0),(1638,'WA_313','2024-07-24 14:19:04',0),(1639,'WA_314','2024-07-24 14:19:04',0),(1640,'DR_321','2024-07-24 14:19:04',0),(1641,'DR_322','2024-07-24 14:19:04',0),(1642,'DR_323','2024-07-24 14:19:04',0),(1643,'DR_324','2024-07-24 14:19:04',0),(1644,'WA_321','2024-07-24 14:19:04',0),(1645,'WA_322','2024-07-24 14:19:04',0),(1646,'WA_323','2024-07-24 14:19:04',0),(1647,'WA_324','2024-07-24 14:19:04',0),(1648,'DR_331','2024-07-24 14:19:04',0),(1649,'DR_332','2024-07-24 14:19:04',0),(1650,'DR_333','2024-07-24 14:19:04',0),(1651,'DR_334','2024-07-24 14:19:04',0),(1652,'WA_331','2024-07-24 14:19:04',0),(1653,'WA_332','2024-07-24 14:19:04',0),(1654,'WA_333','2024-07-24 14:19:04',0),(1655,'WA_334','2024-07-24 14:19:04',0),(1672,'PB_12','2024-07-24 14:19:04',1),(1673,'PB_34','2024-07-24 14:19:04',1),(1674,'PB_56','2024-07-24 14:19:04',1),(1675,'DR_211','2024-07-24 14:19:04',1),(1676,'DR_212','2024-07-24 14:19:04',1),(1677,'SW_21','2024-07-24 14:19:04',1),(1678,'SW_22','2024-07-24 14:19:04',1),(1679,'WA_211','2024-07-24 14:19:04',1),(1680,'WA_212','2024-07-24 14:19:04',1),(1681,'DR_221','2024-07-24 14:19:04',1),(1682,'DR_222','2024-07-24 14:19:04',1),(1683,'DR_223','2024-07-24 14:19:04',1),(1684,'WA_221','2024-07-24 14:19:04',1),(1685,'WA_222','2024-07-24 14:19:04',1),(1686,'WA_223','2024-07-24 14:19:04',1),(1687,'DR_231','2024-07-24 14:19:04',1),(1688,'DR_232','2024-07-24 14:19:04',1),(1689,'DR_233','2024-07-24 14:19:04',1),(1690,'WA_231','2024-07-24 14:19:04',1),(1691,'WA_232','2024-07-24 14:19:04',1),(1692,'WA_233','2024-07-24 14:19:04',1),(1693,'DR_311','2024-07-24 14:19:04',1),(1694,'DR_312','2024-07-24 14:19:04',1),(1695,'DR_313','2024-07-24 14:19:04',1),(1696,'DR_314','2024-07-24 14:19:04',1),(1697,'SW_31','2024-07-24 14:19:04',1),(1698,'SW_32','2024-07-24 14:19:04',1),(1699,'WA_311','2024-07-24 14:19:04',1),(1700,'WA_312','2024-07-24 14:19:04',1),(1701,'WA_313','2024-07-24 14:19:04',1),(1702,'WA_314','2024-07-24 14:19:04',1),(1703,'DR_321','2024-07-24 14:19:04',1),(1704,'DR_322','2024-07-24 14:19:04',1),(1705,'DR_323','2024-07-24 14:19:04',1),(1706,'DR_324','2024-07-24 14:19:04',1),(1707,'WA_321','2024-07-24 14:19:04',1),(1708,'WA_322','2024-07-24 14:19:04',1),(1709,'WA_323','2024-07-24 14:19:04',1),(1710,'WA_324','2024-07-24 14:19:04',1),(1711,'DR_331','2024-07-24 14:19:04',1),(1712,'DR_332','2024-07-24 14:19:04',1),(1713,'DR_333','2024-07-24 14:19:04',1),(1714,'DR_334','2024-07-24 14:19:04',1),(1715,'WA_331','2024-07-24 14:19:04',1),(1716,'WA_332','2024-07-24 14:19:04',1),(1717,'WA_333','2024-07-24 14:19:04',1),(1718,'WA_334','2024-07-24 14:19:04',1),(1735,'PB_12','2024-07-24 14:19:06',1),(1736,'PB_34','2024-07-24 14:19:06',1),(1737,'PB_56','2024-07-24 14:19:06',1),(1738,'DR_211','2024-07-24 14:19:06',1),(1739,'DR_212','2024-07-24 14:19:06',1),(1740,'SW_21','2024-07-24 14:19:06',1),(1741,'SW_22','2024-07-24 14:19:06',1),(1742,'WA_211','2024-07-24 14:19:06',1),(1743,'WA_212','2024-07-24 14:19:06',1),(1744,'DR_221','2024-07-24 14:19:06',1),(1745,'DR_222','2024-07-24 14:19:06',1),(1746,'DR_223','2024-07-24 14:19:06',1),(1747,'WA_221','2024-07-24 14:19:06',1),(1748,'WA_222','2024-07-24 14:19:06',1),(1749,'WA_223','2024-07-24 14:19:06',1),(1750,'DR_231','2024-07-24 14:19:06',1),(1751,'DR_232','2024-07-24 14:19:06',1),(1752,'DR_233','2024-07-24 14:19:06',1),(1753,'WA_231','2024-07-24 14:19:06',1),(1754,'WA_232','2024-07-24 14:19:06',1),(1755,'WA_233','2024-07-24 14:19:06',1),(1756,'DR_311','2024-07-24 14:19:06',1),(1757,'DR_312','2024-07-24 14:19:06',1),(1758,'DR_313','2024-07-24 14:19:06',1),(1759,'DR_314','2024-07-24 14:19:06',1),(1760,'SW_31','2024-07-24 14:19:06',1),(1761,'SW_32','2024-07-24 14:19:06',1),(1762,'WA_311','2024-07-24 14:19:06',1),(1763,'WA_312','2024-07-24 14:19:06',1),(1764,'WA_313','2024-07-24 14:19:06',1),(1765,'WA_314','2024-07-24 14:19:06',1),(1766,'DR_321','2024-07-24 14:19:06',1),(1767,'DR_322','2024-07-24 14:19:06',1),(1768,'DR_323','2024-07-24 14:19:06',1),(1769,'DR_324','2024-07-24 14:19:06',1),(1770,'WA_321','2024-07-24 14:19:06',1),(1771,'WA_322','2024-07-24 14:19:06',1),(1772,'WA_323','2024-07-24 14:19:06',1),(1773,'WA_324','2024-07-24 14:19:06',1),(1774,'DR_331','2024-07-24 14:19:06',1),(1775,'DR_332','2024-07-24 14:19:06',1),(1776,'DR_333','2024-07-24 14:19:06',1),(1777,'DR_334','2024-07-24 14:19:06',1),(1778,'WA_331','2024-07-24 14:19:06',1),(1779,'WA_332','2024-07-24 14:19:06',1),(1780,'WA_333','2024-07-24 14:19:06',1),(1781,'WA_334','2024-07-24 14:19:06',1),(1798,'PB_12','2024-07-24 14:19:06',1),(1799,'PB_34','2024-07-24 14:19:06',1),(1800,'PB_56','2024-07-24 14:19:06',1),(1801,'DR_211','2024-07-24 14:19:06',1),(1802,'DR_212','2024-07-24 14:19:06',1),(1803,'SW_21','2024-07-24 14:19:06',1),(1804,'SW_22','2024-07-24 14:19:06',1),(1805,'WA_211','2024-07-24 14:19:06',1),(1806,'WA_212','2024-07-24 14:19:06',1),(1807,'DR_221','2024-07-24 14:19:06',1),(1808,'DR_222','2024-07-24 14:19:06',1),(1809,'DR_223','2024-07-24 14:19:06',1),(1810,'WA_221','2024-07-24 14:19:06',1),(1811,'WA_222','2024-07-24 14:19:06',1),(1812,'WA_223','2024-07-24 14:19:06',1),(1813,'DR_231','2024-07-24 14:19:06',1),(1814,'DR_232','2024-07-24 14:19:06',1),(1815,'DR_233','2024-07-24 14:19:06',1),(1816,'WA_231','2024-07-24 14:19:06',1),(1817,'WA_232','2024-07-24 14:19:06',1),(1818,'WA_233','2024-07-24 14:19:06',1),(1819,'DR_311','2024-07-24 14:19:06',1),(1820,'DR_312','2024-07-24 14:19:06',1),(1821,'DR_313','2024-07-24 14:19:06',1),(1822,'DR_314','2024-07-24 14:19:06',1),(1823,'SW_31','2024-07-24 14:19:06',1),(1824,'SW_32','2024-07-24 14:19:06',1),(1825,'WA_311','2024-07-24 14:19:06',1),(1826,'WA_312','2024-07-24 14:19:06',1),(1827,'WA_313','2024-07-24 14:19:06',1),(1828,'WA_314','2024-07-24 14:19:06',1),(1829,'DR_321','2024-07-24 14:19:06',1),(1830,'DR_322','2024-07-24 14:19:06',1),(1831,'DR_323','2024-07-24 14:19:06',1),(1832,'DR_324','2024-07-24 14:19:06',1),(1833,'WA_321','2024-07-24 14:19:06',1),(1834,'WA_322','2024-07-24 14:19:06',1),(1835,'WA_323','2024-07-24 14:19:06',1),(1836,'WA_324','2024-07-24 14:19:06',1),(1837,'DR_331','2024-07-24 14:19:06',1),(1838,'DR_332','2024-07-24 14:19:06',1),(1839,'DR_333','2024-07-24 14:19:06',1),(1840,'DR_334','2024-07-24 14:19:06',1),(1841,'WA_331','2024-07-24 14:19:06',1),(1842,'WA_332','2024-07-24 14:19:06',1),(1843,'WA_333','2024-07-24 14:19:06',1),(1844,'WA_334','2024-07-24 14:19:06',1),(1861,'PB_12','2024-07-24 14:19:07',1),(1862,'PB_34','2024-07-24 14:19:07',1),(1863,'PB_56','2024-07-24 14:19:07',1),(1864,'DR_211','2024-07-24 14:19:07',1),(1865,'DR_212','2024-07-24 14:19:07',1),(1866,'SW_21','2024-07-24 14:19:07',1),(1867,'SW_22','2024-07-24 14:19:07',1),(1868,'WA_211','2024-07-24 14:19:07',1),(1869,'WA_212','2024-07-24 14:19:07',1),(1870,'DR_221','2024-07-24 14:19:07',1),(1871,'DR_222','2024-07-24 14:19:07',1),(1872,'DR_223','2024-07-24 14:19:07',1),(1873,'WA_221','2024-07-24 14:19:07',1),(1874,'WA_222','2024-07-24 14:19:07',1),(1875,'WA_223','2024-07-24 14:19:07',1),(1876,'DR_231','2024-07-24 14:19:07',1),(1877,'DR_232','2024-07-24 14:19:07',1),(1878,'DR_233','2024-07-24 14:19:07',1),(1879,'WA_231','2024-07-24 14:19:07',1),(1880,'WA_232','2024-07-24 14:19:07',1),(1881,'WA_233','2024-07-24 14:19:07',1),(1882,'DR_311','2024-07-24 14:19:07',1),(1883,'DR_312','2024-07-24 14:19:07',1),(1884,'DR_313','2024-07-24 14:19:07',1),(1885,'DR_314','2024-07-24 14:19:07',1),(1886,'SW_31','2024-07-24 14:19:07',1),(1887,'SW_32','2024-07-24 14:19:07',1),(1888,'WA_311','2024-07-24 14:19:07',1),(1889,'WA_312','2024-07-24 14:19:07',1),(1890,'WA_313','2024-07-24 14:19:07',1),(1891,'WA_314','2024-07-24 14:19:07',1),(1892,'DR_321','2024-07-24 14:19:07',1),(1893,'DR_322','2024-07-24 14:19:07',1),(1894,'DR_323','2024-07-24 14:19:07',1),(1895,'DR_324','2024-07-24 14:19:07',1),(1896,'WA_321','2024-07-24 14:19:07',1),(1897,'WA_322','2024-07-24 14:19:07',1),(1898,'WA_323','2024-07-24 14:19:07',1),(1899,'WA_324','2024-07-24 14:19:07',1),(1900,'DR_331','2024-07-24 14:19:07',1),(1901,'DR_332','2024-07-24 14:19:07',1),(1902,'DR_333','2024-07-24 14:19:07',1),(1903,'DR_334','2024-07-24 14:19:07',1),(1904,'WA_331','2024-07-24 14:19:07',1),(1905,'WA_332','2024-07-24 14:19:07',1),(1906,'WA_333','2024-07-24 14:19:07',1),(1907,'WA_334','2024-07-24 14:19:07',1),(1924,'PB_12','2024-07-24 14:19:07',1),(1925,'PB_34','2024-07-24 14:19:07',1),(1926,'PB_56','2024-07-24 14:19:07',1),(1927,'DR_211','2024-07-24 14:19:07',1),(1928,'DR_212','2024-07-24 14:19:07',1),(1929,'SW_21','2024-07-24 14:19:07',1),(1930,'SW_22','2024-07-24 14:19:07',1),(1931,'WA_211','2024-07-24 14:19:07',1),(1932,'WA_212','2024-07-24 14:19:07',1),(1933,'DR_221','2024-07-24 14:19:07',1),(1934,'DR_222','2024-07-24 14:19:07',1),(1935,'DR_223','2024-07-24 14:19:07',1),(1936,'WA_221','2024-07-24 14:19:07',1),(1937,'WA_222','2024-07-24 14:19:07',1),(1938,'WA_223','2024-07-24 14:19:07',1),(1939,'DR_231','2024-07-24 14:19:07',1),(1940,'DR_232','2024-07-24 14:19:07',1),(1941,'DR_233','2024-07-24 14:19:07',1),(1942,'WA_231','2024-07-24 14:19:07',1),(1943,'WA_232','2024-07-24 14:19:07',1),(1944,'WA_233','2024-07-24 14:19:07',1),(1945,'DR_311','2024-07-24 14:19:07',1),(1946,'DR_312','2024-07-24 14:19:07',1),(1947,'DR_313','2024-07-24 14:19:07',1),(1948,'DR_314','2024-07-24 14:19:07',1),(1949,'SW_31','2024-07-24 14:19:07',1),(1950,'SW_32','2024-07-24 14:19:07',1),(1951,'WA_311','2024-07-24 14:19:07',1),(1952,'WA_312','2024-07-24 14:19:07',1),(1953,'WA_313','2024-07-24 14:19:07',1),(1954,'WA_314','2024-07-24 14:19:07',1),(1955,'DR_321','2024-07-24 14:19:07',1),(1956,'DR_322','2024-07-24 14:19:07',1),(1957,'DR_323','2024-07-24 14:19:07',1),(1958,'DR_324','2024-07-24 14:19:07',1),(1959,'WA_321','2024-07-24 14:19:07',1),(1960,'WA_322','2024-07-24 14:19:07',1),(1961,'WA_323','2024-07-24 14:19:07',1),(1962,'WA_324','2024-07-24 14:19:07',1),(1963,'DR_331','2024-07-24 14:19:07',1),(1964,'DR_332','2024-07-24 14:19:07',1),(1965,'DR_333','2024-07-24 14:19:07',1),(1966,'DR_334','2024-07-24 14:19:07',1),(1967,'WA_331','2024-07-24 14:19:07',1),(1968,'WA_332','2024-07-24 14:19:07',1),(1969,'WA_333','2024-07-24 14:19:07',1),(1970,'WA_334','2024-07-24 14:19:07',1),(1987,'PB_12','2024-07-24 14:19:09',0),(1988,'PB_34','2024-07-24 14:19:09',0),(1989,'PB_56','2024-07-24 14:19:09',0),(1990,'DR_211','2024-07-24 14:19:09',0),(1991,'DR_212','2024-07-24 14:19:09',0),(1992,'SW_21','2024-07-24 14:19:09',0),(1993,'SW_22','2024-07-24 14:19:09',0),(1994,'WA_211','2024-07-24 14:19:09',0),(1995,'WA_212','2024-07-24 14:19:09',0),(1996,'DR_221','2024-07-24 14:19:09',0),(1997,'DR_222','2024-07-24 14:19:09',0),(1998,'DR_223','2024-07-24 14:19:09',0),(1999,'WA_221','2024-07-24 14:19:09',0),(2000,'WA_222','2024-07-24 14:19:09',0),(2001,'WA_223','2024-07-24 14:19:09',0),(2002,'DR_231','2024-07-24 14:19:09',0),(2003,'DR_232','2024-07-24 14:19:09',0),(2004,'DR_233','2024-07-24 14:19:09',0),(2005,'WA_231','2024-07-24 14:19:09',0),(2006,'WA_232','2024-07-24 14:19:09',0),(2007,'WA_233','2024-07-24 14:19:09',0),(2008,'DR_311','2024-07-24 14:19:09',0),(2009,'DR_312','2024-07-24 14:19:09',0),(2010,'DR_313','2024-07-24 14:19:09',0),(2011,'DR_314','2024-07-24 14:19:09',0),(2012,'SW_31','2024-07-24 14:19:09',0),(2013,'SW_32','2024-07-24 14:19:09',0),(2014,'WA_311','2024-07-24 14:19:09',0),(2015,'WA_312','2024-07-24 14:19:09',0),(2016,'WA_313','2024-07-24 14:19:09',0),(2017,'WA_314','2024-07-24 14:19:09',0),(2018,'DR_321','2024-07-24 14:19:09',0),(2019,'DR_322','2024-07-24 14:19:09',0),(2020,'DR_323','2024-07-24 14:19:09',0),(2021,'DR_324','2024-07-24 14:19:09',0),(2022,'WA_321','2024-07-24 14:19:09',0),(2023,'WA_322','2024-07-24 14:19:09',0),(2024,'WA_323','2024-07-24 14:19:09',0),(2025,'WA_324','2024-07-24 14:19:09',0),(2026,'DR_331','2024-07-24 14:19:09',0),(2027,'DR_332','2024-07-24 14:19:09',0),(2028,'DR_333','2024-07-24 14:19:09',0),(2029,'DR_334','2024-07-24 14:19:09',0),(2030,'WA_331','2024-07-24 14:19:09',0),(2031,'WA_332','2024-07-24 14:19:09',0),(2032,'WA_333','2024-07-24 14:19:09',0),(2033,'WA_334','2024-07-24 14:19:09',0),(2050,'PB_12','2024-07-24 14:19:12',1),(2051,'PB_34','2024-07-24 14:19:12',1),(2052,'PB_56','2024-07-24 14:19:12',1),(2053,'DR_211','2024-07-24 14:19:12',1),(2054,'DR_212','2024-07-24 14:19:12',1),(2055,'SW_21','2024-07-24 14:19:12',1),(2056,'SW_22','2024-07-24 14:19:12',1),(2057,'WA_211','2024-07-24 14:19:12',1),(2058,'WA_212','2024-07-24 14:19:12',1),(2059,'DR_221','2024-07-24 14:19:12',1),(2060,'DR_222','2024-07-24 14:19:12',1),(2061,'DR_223','2024-07-24 14:19:12',1),(2062,'WA_221','2024-07-24 14:19:12',1),(2063,'WA_222','2024-07-24 14:19:12',1),(2064,'WA_223','2024-07-24 14:19:12',1),(2065,'DR_231','2024-07-24 14:19:12',1),(2066,'DR_232','2024-07-24 14:19:12',1),(2067,'DR_233','2024-07-24 14:19:12',1),(2068,'WA_231','2024-07-24 14:19:12',1),(2069,'WA_232','2024-07-24 14:19:12',1),(2070,'WA_233','2024-07-24 14:19:12',1),(2071,'DR_311','2024-07-24 14:19:12',1),(2072,'DR_312','2024-07-24 14:19:12',1),(2073,'DR_313','2024-07-24 14:19:12',1),(2074,'DR_314','2024-07-24 14:19:12',1),(2075,'SW_31','2024-07-24 14:19:12',1),(2076,'SW_32','2024-07-24 14:19:12',1),(2077,'WA_311','2024-07-24 14:19:12',1),(2078,'WA_312','2024-07-24 14:19:12',1),(2079,'WA_313','2024-07-24 14:19:12',1),(2080,'WA_314','2024-07-24 14:19:12',1),(2081,'DR_321','2024-07-24 14:19:12',1),(2082,'DR_322','2024-07-24 14:19:12',1),(2083,'DR_323','2024-07-24 14:19:12',1),(2084,'DR_324','2024-07-24 14:19:12',1),(2085,'WA_321','2024-07-24 14:19:12',1),(2086,'WA_322','2024-07-24 14:19:12',1),(2087,'WA_323','2024-07-24 14:19:12',1),(2088,'WA_324','2024-07-24 14:19:12',1),(2089,'DR_331','2024-07-24 14:19:12',1),(2090,'DR_332','2024-07-24 14:19:12',1),(2091,'DR_333','2024-07-24 14:19:12',1),(2092,'DR_334','2024-07-24 14:19:12',1),(2093,'WA_331','2024-07-24 14:19:12',1),(2094,'WA_332','2024-07-24 14:19:12',1),(2095,'WA_333','2024-07-24 14:19:12',1),(2096,'WA_334','2024-07-24 14:19:12',1),(2113,'PB_12','2024-07-24 14:19:13',1),(2114,'PB_34','2024-07-24 14:19:13',1),(2115,'PB_56','2024-07-24 14:19:13',1),(2116,'DR_211','2024-07-24 14:19:13',1),(2117,'DR_212','2024-07-24 14:19:13',1),(2118,'SW_21','2024-07-24 14:19:13',1),(2119,'SW_22','2024-07-24 14:19:13',1),(2120,'WA_211','2024-07-24 14:19:13',1),(2121,'WA_212','2024-07-24 14:19:13',1),(2122,'DR_221','2024-07-24 14:19:13',1),(2123,'DR_222','2024-07-24 14:19:13',1),(2124,'DR_223','2024-07-24 14:19:13',1),(2125,'WA_221','2024-07-24 14:19:13',1),(2126,'WA_222','2024-07-24 14:19:13',1),(2127,'WA_223','2024-07-24 14:19:13',1),(2128,'DR_231','2024-07-24 14:19:13',1),(2129,'DR_232','2024-07-24 14:19:13',1),(2130,'DR_233','2024-07-24 14:19:13',1),(2131,'WA_231','2024-07-24 14:19:13',1),(2132,'WA_232','2024-07-24 14:19:13',1),(2133,'WA_233','2024-07-24 14:19:13',1),(2134,'DR_311','2024-07-24 14:19:13',1),(2135,'DR_312','2024-07-24 14:19:13',1),(2136,'DR_313','2024-07-24 14:19:13',1),(2137,'DR_314','2024-07-24 14:19:13',1),(2138,'SW_31','2024-07-24 14:19:13',1),(2139,'SW_32','2024-07-24 14:19:13',1),(2140,'WA_311','2024-07-24 14:19:13',1),(2141,'WA_312','2024-07-24 14:19:13',1),(2142,'WA_313','2024-07-24 14:19:13',1),(2143,'WA_314','2024-07-24 14:19:13',1),(2144,'DR_321','2024-07-24 14:19:13',1),(2145,'DR_322','2024-07-24 14:19:13',1),(2146,'DR_323','2024-07-24 14:19:13',1),(2147,'DR_324','2024-07-24 14:19:13',1),(2148,'WA_321','2024-07-24 14:19:13',1),(2149,'WA_322','2024-07-24 14:19:13',1),(2150,'WA_323','2024-07-24 14:19:13',1),(2151,'WA_324','2024-07-24 14:19:13',1),(2152,'DR_331','2024-07-24 14:19:13',1),(2153,'DR_332','2024-07-24 14:19:13',1),(2154,'DR_333','2024-07-24 14:19:13',1),(2155,'DR_334','2024-07-24 14:19:13',1),(2156,'WA_331','2024-07-24 14:19:13',1),(2157,'WA_332','2024-07-24 14:19:13',1),(2158,'WA_333','2024-07-24 14:19:13',1),(2159,'WA_334','2024-07-24 14:19:13',1),(2176,'PB_12','2024-07-24 14:19:13',1),(2177,'PB_34','2024-07-24 14:19:13',1),(2178,'PB_56','2024-07-24 14:19:13',1),(2179,'DR_211','2024-07-24 14:19:13',1),(2180,'DR_212','2024-07-24 14:19:13',1),(2181,'SW_21','2024-07-24 14:19:13',1),(2182,'SW_22','2024-07-24 14:19:13',1),(2183,'WA_211','2024-07-24 14:19:13',1),(2184,'WA_212','2024-07-24 14:19:13',1),(2185,'DR_221','2024-07-24 14:19:13',1),(2186,'DR_222','2024-07-24 14:19:13',1),(2187,'DR_223','2024-07-24 14:19:13',1),(2188,'WA_221','2024-07-24 14:19:13',1),(2189,'WA_222','2024-07-24 14:19:13',1),(2190,'WA_223','2024-07-24 14:19:13',1),(2191,'DR_231','2024-07-24 14:19:13',1),(2192,'DR_232','2024-07-24 14:19:13',1),(2193,'DR_233','2024-07-24 14:19:13',1),(2194,'WA_231','2024-07-24 14:19:13',1),(2195,'WA_232','2024-07-24 14:19:13',1),(2196,'WA_233','2024-07-24 14:19:13',1),(2197,'DR_311','2024-07-24 14:19:13',1),(2198,'DR_312','2024-07-24 14:19:13',1),(2199,'DR_313','2024-07-24 14:19:13',1),(2200,'DR_314','2024-07-24 14:19:13',1),(2201,'SW_31','2024-07-24 14:19:13',1),(2202,'SW_32','2024-07-24 14:19:13',1),(2203,'WA_311','2024-07-24 14:19:13',1),(2204,'WA_312','2024-07-24 14:19:13',1),(2205,'WA_313','2024-07-24 14:19:13',1),(2206,'WA_314','2024-07-24 14:19:13',1),(2207,'DR_321','2024-07-24 14:19:13',1),(2208,'DR_322','2024-07-24 14:19:13',1),(2209,'DR_323','2024-07-24 14:19:13',1),(2210,'DR_324','2024-07-24 14:19:13',1),(2211,'WA_321','2024-07-24 14:19:13',1),(2212,'WA_322','2024-07-24 14:19:13',1),(2213,'WA_323','2024-07-24 14:19:13',1),(2214,'WA_324','2024-07-24 14:19:13',1),(2215,'DR_331','2024-07-24 14:19:13',1),(2216,'DR_332','2024-07-24 14:19:13',1),(2217,'DR_333','2024-07-24 14:19:13',1),(2218,'DR_334','2024-07-24 14:19:13',1),(2219,'WA_331','2024-07-24 14:19:13',1),(2220,'WA_332','2024-07-24 14:19:13',1),(2221,'WA_333','2024-07-24 14:19:13',1),(2222,'WA_334','2024-07-24 14:19:13',1),(2239,'PB_12','2024-07-24 14:19:14',1),(2240,'PB_34','2024-07-24 14:19:14',1),(2241,'PB_56','2024-07-24 14:19:14',1),(2242,'DR_211','2024-07-24 14:19:14',1),(2243,'DR_212','2024-07-24 14:19:14',1),(2244,'SW_21','2024-07-24 14:19:14',1),(2245,'SW_22','2024-07-24 14:19:14',1),(2246,'WA_211','2024-07-24 14:19:14',1),(2247,'WA_212','2024-07-24 14:19:14',1),(2248,'DR_221','2024-07-24 14:19:14',1),(2249,'DR_222','2024-07-24 14:19:14',1),(2250,'DR_223','2024-07-24 14:19:14',1),(2251,'WA_221','2024-07-24 14:19:14',1),(2252,'WA_222','2024-07-24 14:19:14',1),(2253,'WA_223','2024-07-24 14:19:14',1),(2254,'DR_231','2024-07-24 14:19:14',1),(2255,'DR_232','2024-07-24 14:19:14',1),(2256,'DR_233','2024-07-24 14:19:14',1),(2257,'WA_231','2024-07-24 14:19:14',1),(2258,'WA_232','2024-07-24 14:19:14',1),(2259,'WA_233','2024-07-24 14:19:14',1),(2260,'DR_311','2024-07-24 14:19:14',1),(2261,'DR_312','2024-07-24 14:19:14',1),(2262,'DR_313','2024-07-24 14:19:14',1),(2263,'DR_314','2024-07-24 14:19:14',1),(2264,'SW_31','2024-07-24 14:19:14',1),(2265,'SW_32','2024-07-24 14:19:14',1),(2266,'WA_311','2024-07-24 14:19:14',1),(2267,'WA_312','2024-07-24 14:19:14',1),(2268,'WA_313','2024-07-24 14:19:14',1),(2269,'WA_314','2024-07-24 14:19:14',1),(2270,'DR_321','2024-07-24 14:19:14',1),(2271,'DR_322','2024-07-24 14:19:14',1),(2272,'DR_323','2024-07-24 14:19:14',1),(2273,'DR_324','2024-07-24 14:19:14',1),(2274,'WA_321','2024-07-24 14:19:14',1),(2275,'WA_322','2024-07-24 14:19:14',1),(2276,'WA_323','2024-07-24 14:19:14',1),(2277,'WA_324','2024-07-24 14:19:14',1),(2278,'DR_331','2024-07-24 14:19:14',1),(2279,'DR_332','2024-07-24 14:19:14',1),(2280,'DR_333','2024-07-24 14:19:14',1),(2281,'DR_334','2024-07-24 14:19:14',1),(2282,'WA_331','2024-07-24 14:19:14',1),(2283,'WA_332','2024-07-24 14:19:14',1),(2284,'WA_333','2024-07-24 14:19:14',1),(2285,'WA_334','2024-07-24 14:19:14',1),(2302,'PB_12','2024-07-24 14:19:14',1),(2303,'PB_34','2024-07-24 14:19:14',1),(2304,'PB_56','2024-07-24 14:19:14',1),(2305,'DR_211','2024-07-24 14:19:14',1),(2306,'DR_212','2024-07-24 14:19:14',1),(2307,'SW_21','2024-07-24 14:19:14',1),(2308,'SW_22','2024-07-24 14:19:14',1),(2309,'WA_211','2024-07-24 14:19:14',1),(2310,'WA_212','2024-07-24 14:19:14',1),(2311,'DR_221','2024-07-24 14:19:14',1),(2312,'DR_222','2024-07-24 14:19:14',1),(2313,'DR_223','2024-07-24 14:19:14',1),(2314,'WA_221','2024-07-24 14:19:14',1),(2315,'WA_222','2024-07-24 14:19:14',1),(2316,'WA_223','2024-07-24 14:19:14',1),(2317,'DR_231','2024-07-24 14:19:14',1),(2318,'DR_232','2024-07-24 14:19:14',1),(2319,'DR_233','2024-07-24 14:19:14',1),(2320,'WA_231','2024-07-24 14:19:14',1),(2321,'WA_232','2024-07-24 14:19:14',1),(2322,'WA_233','2024-07-24 14:19:14',1),(2323,'DR_311','2024-07-24 14:19:14',1),(2324,'DR_312','2024-07-24 14:19:14',1),(2325,'DR_313','2024-07-24 14:19:14',1),(2326,'DR_314','2024-07-24 14:19:14',1),(2327,'SW_31','2024-07-24 14:19:14',1),(2328,'SW_32','2024-07-24 14:19:14',1),(2329,'WA_311','2024-07-24 14:19:14',1),(2330,'WA_312','2024-07-24 14:19:14',1),(2331,'WA_313','2024-07-24 14:19:14',1),(2332,'WA_314','2024-07-24 14:19:14',1),(2333,'DR_321','2024-07-24 14:19:14',1),(2334,'DR_322','2024-07-24 14:19:14',1),(2335,'DR_323','2024-07-24 14:19:14',1),(2336,'DR_324','2024-07-24 14:19:14',1),(2337,'WA_321','2024-07-24 14:19:14',1),(2338,'WA_322','2024-07-24 14:19:14',1),(2339,'WA_323','2024-07-24 14:19:14',1),(2340,'WA_324','2024-07-24 14:19:14',1),(2341,'DR_331','2024-07-24 14:19:14',1),(2342,'DR_332','2024-07-24 14:19:14',1),(2343,'DR_333','2024-07-24 14:19:14',1),(2344,'DR_334','2024-07-24 14:19:14',1),(2345,'WA_331','2024-07-24 14:19:14',1),(2346,'WA_332','2024-07-24 14:19:14',1),(2347,'WA_333','2024-07-24 14:19:14',1),(2348,'WA_334','2024-07-24 14:19:14',1),(2365,'PB_12','2024-07-24 14:19:14',1),(2366,'PB_34','2024-07-24 14:19:14',1),(2367,'PB_56','2024-07-24 14:19:14',1),(2368,'DR_211','2024-07-24 14:19:14',1),(2369,'DR_212','2024-07-24 14:19:14',1),(2370,'SW_21','2024-07-24 14:19:14',1),(2371,'SW_22','2024-07-24 14:19:14',1),(2372,'WA_211','2024-07-24 14:19:14',1),(2373,'WA_212','2024-07-24 14:19:14',1),(2374,'DR_221','2024-07-24 14:19:14',1),(2375,'DR_222','2024-07-24 14:19:14',1),(2376,'DR_223','2024-07-24 14:19:14',1),(2377,'WA_221','2024-07-24 14:19:14',1),(2378,'WA_222','2024-07-24 14:19:14',1),(2379,'WA_223','2024-07-24 14:19:14',1),(2380,'DR_231','2024-07-24 14:19:14',1),(2381,'DR_232','2024-07-24 14:19:14',1),(2382,'DR_233','2024-07-24 14:19:14',1),(2383,'WA_231','2024-07-24 14:19:14',1),(2384,'WA_232','2024-07-24 14:19:14',1),(2385,'WA_233','2024-07-24 14:19:14',1),(2386,'DR_311','2024-07-24 14:19:14',1),(2387,'DR_312','2024-07-24 14:19:14',1),(2388,'DR_313','2024-07-24 14:19:14',1),(2389,'DR_314','2024-07-24 14:19:14',1),(2390,'SW_31','2024-07-24 14:19:14',1),(2391,'SW_32','2024-07-24 14:19:14',1),(2392,'WA_311','2024-07-24 14:19:14',1),(2393,'WA_312','2024-07-24 14:19:14',1),(2394,'WA_313','2024-07-24 14:19:14',1),(2395,'WA_314','2024-07-24 14:19:14',1),(2396,'DR_321','2024-07-24 14:19:14',1),(2397,'DR_322','2024-07-24 14:19:14',1),(2398,'DR_323','2024-07-24 14:19:14',1),(2399,'DR_324','2024-07-24 14:19:14',1),(2400,'WA_321','2024-07-24 14:19:14',1),(2401,'WA_322','2024-07-24 14:19:14',1),(2402,'WA_323','2024-07-24 14:19:14',1),(2403,'WA_324','2024-07-24 14:19:14',1),(2404,'DR_331','2024-07-24 14:19:14',1),(2405,'DR_332','2024-07-24 14:19:14',1),(2406,'DR_333','2024-07-24 14:19:14',1),(2407,'DR_334','2024-07-24 14:19:14',1),(2408,'WA_331','2024-07-24 14:19:14',1),(2409,'WA_332','2024-07-24 14:19:14',1),(2410,'WA_333','2024-07-24 14:19:14',1),(2411,'WA_334','2024-07-24 14:19:14',1),(2428,'PB_12','2024-07-24 14:19:15',1),(2429,'PB_34','2024-07-24 14:19:15',1),(2430,'PB_56','2024-07-24 14:19:15',1),(2431,'DR_211','2024-07-24 14:19:15',1),(2432,'DR_212','2024-07-24 14:19:15',1),(2433,'SW_21','2024-07-24 14:19:15',1),(2434,'SW_22','2024-07-24 14:19:15',1),(2435,'WA_211','2024-07-24 14:19:15',1),(2436,'WA_212','2024-07-24 14:19:15',1),(2437,'DR_221','2024-07-24 14:19:15',1),(2438,'DR_222','2024-07-24 14:19:15',1),(2439,'DR_223','2024-07-24 14:19:15',1),(2440,'WA_221','2024-07-24 14:19:15',1),(2441,'WA_222','2024-07-24 14:19:15',1),(2442,'WA_223','2024-07-24 14:19:15',1),(2443,'DR_231','2024-07-24 14:19:15',1),(2444,'DR_232','2024-07-24 14:19:15',1),(2445,'DR_233','2024-07-24 14:19:15',1),(2446,'WA_231','2024-07-24 14:19:15',1),(2447,'WA_232','2024-07-24 14:19:15',1),(2448,'WA_233','2024-07-24 14:19:15',1),(2449,'DR_311','2024-07-24 14:19:15',1),(2450,'DR_312','2024-07-24 14:19:15',1),(2451,'DR_313','2024-07-24 14:19:15',1),(2452,'DR_314','2024-07-24 14:19:15',1),(2453,'SW_31','2024-07-24 14:19:15',1),(2454,'SW_32','2024-07-24 14:19:15',1),(2455,'WA_311','2024-07-24 14:19:15',1),(2456,'WA_312','2024-07-24 14:19:15',1),(2457,'WA_313','2024-07-24 14:19:15',1),(2458,'WA_314','2024-07-24 14:19:15',1),(2459,'DR_321','2024-07-24 14:19:15',1),(2460,'DR_322','2024-07-24 14:19:15',1),(2461,'DR_323','2024-07-24 14:19:15',1),(2462,'DR_324','2024-07-24 14:19:15',1),(2463,'WA_321','2024-07-24 14:19:15',1),(2464,'WA_322','2024-07-24 14:19:15',1),(2465,'WA_323','2024-07-24 14:19:15',1),(2466,'WA_324','2024-07-24 14:19:15',1),(2467,'DR_331','2024-07-24 14:19:15',1),(2468,'DR_332','2024-07-24 14:19:15',1),(2469,'DR_333','2024-07-24 14:19:15',1),(2470,'DR_334','2024-07-24 14:19:15',1),(2471,'WA_331','2024-07-24 14:19:15',1),(2472,'WA_332','2024-07-24 14:19:15',1),(2473,'WA_333','2024-07-24 14:19:15',1),(2474,'WA_334','2024-07-24 14:19:15',1),(2491,'PB_12','2024-07-24 14:19:15',1),(2492,'PB_34','2024-07-24 14:19:15',1),(2493,'PB_56','2024-07-24 14:19:15',1),(2494,'DR_211','2024-07-24 14:19:15',1),(2495,'DR_212','2024-07-24 14:19:15',1),(2496,'SW_21','2024-07-24 14:19:15',1),(2497,'SW_22','2024-07-24 14:19:15',1),(2498,'WA_211','2024-07-24 14:19:15',1),(2499,'WA_212','2024-07-24 14:19:15',1),(2500,'DR_221','2024-07-24 14:19:15',1),(2501,'DR_222','2024-07-24 14:19:15',1),(2502,'DR_223','2024-07-24 14:19:15',1),(2503,'WA_221','2024-07-24 14:19:15',1),(2504,'WA_222','2024-07-24 14:19:15',1),(2505,'WA_223','2024-07-24 14:19:15',1),(2506,'DR_231','2024-07-24 14:19:15',1),(2507,'DR_232','2024-07-24 14:19:15',1),(2508,'DR_233','2024-07-24 14:19:15',1),(2509,'WA_231','2024-07-24 14:19:15',1),(2510,'WA_232','2024-07-24 14:19:15',1),(2511,'WA_233','2024-07-24 14:19:15',1),(2512,'DR_311','2024-07-24 14:19:15',1),(2513,'DR_312','2024-07-24 14:19:15',1),(2514,'DR_313','2024-07-24 14:19:15',1),(2515,'DR_314','2024-07-24 14:19:15',1),(2516,'SW_31','2024-07-24 14:19:15',1),(2517,'SW_32','2024-07-24 14:19:15',1),(2518,'WA_311','2024-07-24 14:19:15',1),(2519,'WA_312','2024-07-24 14:19:15',1),(2520,'WA_313','2024-07-24 14:19:15',1),(2521,'WA_314','2024-07-24 14:19:15',1),(2522,'DR_321','2024-07-24 14:19:15',1),(2523,'DR_322','2024-07-24 14:19:15',1),(2524,'DR_323','2024-07-24 14:19:15',1),(2525,'DR_324','2024-07-24 14:19:15',1),(2526,'WA_321','2024-07-24 14:19:15',1),(2527,'WA_322','2024-07-24 14:19:15',1),(2528,'WA_323','2024-07-24 14:19:15',1),(2529,'WA_324','2024-07-24 14:19:15',1),(2530,'DR_331','2024-07-24 14:19:15',1),(2531,'DR_332','2024-07-24 14:19:15',1),(2532,'DR_333','2024-07-24 14:19:15',1),(2533,'DR_334','2024-07-24 14:19:15',1),(2534,'WA_331','2024-07-24 14:19:15',1),(2535,'WA_332','2024-07-24 14:19:15',1),(2536,'WA_333','2024-07-24 14:19:15',1),(2537,'WA_334','2024-07-24 14:19:15',1),(2554,'PB_12','2024-07-24 14:19:15',1),(2555,'PB_34','2024-07-24 14:19:15',1),(2556,'PB_56','2024-07-24 14:19:15',1),(2557,'DR_211','2024-07-24 14:19:15',1),(2558,'DR_212','2024-07-24 14:19:15',1),(2559,'SW_21','2024-07-24 14:19:15',1),(2560,'SW_22','2024-07-24 14:19:15',1),(2561,'WA_211','2024-07-24 14:19:15',1),(2562,'WA_212','2024-07-24 14:19:15',1),(2563,'DR_221','2024-07-24 14:19:15',1),(2564,'DR_222','2024-07-24 14:19:15',1),(2565,'DR_223','2024-07-24 14:19:15',1),(2566,'WA_221','2024-07-24 14:19:15',1),(2567,'WA_222','2024-07-24 14:19:15',1),(2568,'WA_223','2024-07-24 14:19:15',1),(2569,'DR_231','2024-07-24 14:19:15',1),(2570,'DR_232','2024-07-24 14:19:15',1),(2571,'DR_233','2024-07-24 14:19:15',1),(2572,'WA_231','2024-07-24 14:19:15',1),(2573,'WA_232','2024-07-24 14:19:15',1),(2574,'WA_233','2024-07-24 14:19:15',1),(2575,'DR_311','2024-07-24 14:19:15',1),(2576,'DR_312','2024-07-24 14:19:15',1),(2577,'DR_313','2024-07-24 14:19:15',1),(2578,'DR_314','2024-07-24 14:19:15',1),(2579,'SW_31','2024-07-24 14:19:15',1),(2580,'SW_32','2024-07-24 14:19:15',1),(2581,'WA_311','2024-07-24 14:19:15',1),(2582,'WA_312','2024-07-24 14:19:15',1),(2583,'WA_313','2024-07-24 14:19:15',1),(2584,'WA_314','2024-07-24 14:19:15',1),(2585,'DR_321','2024-07-24 14:19:15',1),(2586,'DR_322','2024-07-24 14:19:15',1),(2587,'DR_323','2024-07-24 14:19:15',1),(2588,'DR_324','2024-07-24 14:19:15',1),(2589,'WA_321','2024-07-24 14:19:15',1),(2590,'WA_322','2024-07-24 14:19:15',1),(2591,'WA_323','2024-07-24 14:19:15',1),(2592,'WA_324','2024-07-24 14:19:15',1),(2593,'DR_331','2024-07-24 14:19:15',1),(2594,'DR_332','2024-07-24 14:19:15',1),(2595,'DR_333','2024-07-24 14:19:15',1),(2596,'DR_334','2024-07-24 14:19:15',1),(2597,'WA_331','2024-07-24 14:19:15',1),(2598,'WA_332','2024-07-24 14:19:15',1),(2599,'WA_333','2024-07-24 14:19:15',1),(2600,'WA_334','2024-07-24 14:19:15',1),(2617,'PB_12','2024-07-24 14:19:16',1),(2618,'PB_34','2024-07-24 14:19:16',1),(2619,'PB_56','2024-07-24 14:19:16',1),(2620,'DR_211','2024-07-24 14:19:16',1),(2621,'DR_212','2024-07-24 14:19:16',1),(2622,'SW_21','2024-07-24 14:19:16',1),(2623,'SW_22','2024-07-24 14:19:16',1),(2624,'WA_211','2024-07-24 14:19:16',1),(2625,'WA_212','2024-07-24 14:19:16',1),(2626,'DR_221','2024-07-24 14:19:16',1),(2627,'DR_222','2024-07-24 14:19:16',1),(2628,'DR_223','2024-07-24 14:19:16',1),(2629,'WA_221','2024-07-24 14:19:16',1),(2630,'WA_222','2024-07-24 14:19:16',1),(2631,'WA_223','2024-07-24 14:19:16',1),(2632,'DR_231','2024-07-24 14:19:16',1),(2633,'DR_232','2024-07-24 14:19:16',1),(2634,'DR_233','2024-07-24 14:19:16',1),(2635,'WA_231','2024-07-24 14:19:16',1),(2636,'WA_232','2024-07-24 14:19:16',1),(2637,'WA_233','2024-07-24 14:19:16',1),(2638,'DR_311','2024-07-24 14:19:16',1),(2639,'DR_312','2024-07-24 14:19:16',1),(2640,'DR_313','2024-07-24 14:19:16',1),(2641,'DR_314','2024-07-24 14:19:16',1),(2642,'SW_31','2024-07-24 14:19:16',1),(2643,'SW_32','2024-07-24 14:19:16',1),(2644,'WA_311','2024-07-24 14:19:16',1),(2645,'WA_312','2024-07-24 14:19:16',1),(2646,'WA_313','2024-07-24 14:19:16',1),(2647,'WA_314','2024-07-24 14:19:16',1),(2648,'DR_321','2024-07-24 14:19:16',1),(2649,'DR_322','2024-07-24 14:19:16',1),(2650,'DR_323','2024-07-24 14:19:16',1),(2651,'DR_324','2024-07-24 14:19:16',1),(2652,'WA_321','2024-07-24 14:19:16',1),(2653,'WA_322','2024-07-24 14:19:16',1),(2654,'WA_323','2024-07-24 14:19:16',1),(2655,'WA_324','2024-07-24 14:19:16',1),(2656,'DR_331','2024-07-24 14:19:16',1),(2657,'DR_332','2024-07-24 14:19:16',1),(2658,'DR_333','2024-07-24 14:19:16',1),(2659,'DR_334','2024-07-24 14:19:16',1),(2660,'WA_331','2024-07-24 14:19:16',1),(2661,'WA_332','2024-07-24 14:19:16',1),(2662,'WA_333','2024-07-24 14:19:16',1),(2663,'WA_334','2024-07-24 14:19:16',1),(2680,'PB_12','2024-07-24 14:19:17',0),(2681,'PB_34','2024-07-24 14:19:17',0),(2682,'PB_56','2024-07-24 14:19:17',0),(2683,'DR_211','2024-07-24 14:19:17',0),(2684,'DR_212','2024-07-24 14:19:17',0),(2685,'SW_21','2024-07-24 14:19:17',0),(2686,'SW_22','2024-07-24 14:19:17',0),(2687,'WA_211','2024-07-24 14:19:17',0),(2688,'WA_212','2024-07-24 14:19:17',0),(2689,'DR_221','2024-07-24 14:19:17',0),(2690,'DR_222','2024-07-24 14:19:17',0),(2691,'DR_223','2024-07-24 14:19:17',0),(2692,'WA_221','2024-07-24 14:19:17',0),(2693,'WA_222','2024-07-24 14:19:17',0),(2694,'WA_223','2024-07-24 14:19:17',0),(2695,'DR_231','2024-07-24 14:19:17',0),(2696,'DR_232','2024-07-24 14:19:17',0),(2697,'DR_233','2024-07-24 14:19:17',0),(2698,'WA_231','2024-07-24 14:19:17',0),(2699,'WA_232','2024-07-24 14:19:17',0),(2700,'WA_233','2024-07-24 14:19:17',0),(2701,'DR_311','2024-07-24 14:19:17',0),(2702,'DR_312','2024-07-24 14:19:17',0),(2703,'DR_313','2024-07-24 14:19:17',0),(2704,'DR_314','2024-07-24 14:19:17',0),(2705,'SW_31','2024-07-24 14:19:17',0),(2706,'SW_32','2024-07-24 14:19:17',0),(2707,'WA_311','2024-07-24 14:19:17',0),(2708,'WA_312','2024-07-24 14:19:17',0),(2709,'WA_313','2024-07-24 14:19:17',0),(2710,'WA_314','2024-07-24 14:19:17',0),(2711,'DR_321','2024-07-24 14:19:17',0),(2712,'DR_322','2024-07-24 14:19:17',0),(2713,'DR_323','2024-07-24 14:19:17',0),(2714,'DR_324','2024-07-24 14:19:17',0),(2715,'WA_321','2024-07-24 14:19:17',0),(2716,'WA_322','2024-07-24 14:19:17',0),(2717,'WA_323','2024-07-24 14:19:17',0),(2718,'WA_324','2024-07-24 14:19:17',0),(2719,'DR_331','2024-07-24 14:19:17',0),(2720,'DR_332','2024-07-24 14:19:17',0),(2721,'DR_333','2024-07-24 14:19:17',0),(2722,'DR_334','2024-07-24 14:19:17',0),(2723,'WA_331','2024-07-24 14:19:17',0),(2724,'WA_332','2024-07-24 14:19:17',0),(2725,'WA_333','2024-07-24 14:19:17',0),(2726,'WA_334','2024-07-24 14:19:17',0),(2743,'PB_12','2024-07-24 14:19:17',0),(2744,'PB_34','2024-07-24 14:19:17',0),(2745,'PB_56','2024-07-24 14:19:17',0),(2746,'DR_211','2024-07-24 14:19:17',0),(2747,'DR_212','2024-07-24 14:19:17',0),(2748,'SW_21','2024-07-24 14:19:17',0),(2749,'SW_22','2024-07-24 14:19:17',0),(2750,'WA_211','2024-07-24 14:19:17',0),(2751,'WA_212','2024-07-24 14:19:17',0),(2752,'DR_221','2024-07-24 14:19:17',0),(2753,'DR_222','2024-07-24 14:19:17',0),(2754,'DR_223','2024-07-24 14:19:17',0),(2755,'WA_221','2024-07-24 14:19:17',0),(2756,'WA_222','2024-07-24 14:19:17',0),(2757,'WA_223','2024-07-24 14:19:17',0),(2758,'DR_231','2024-07-24 14:19:17',0),(2759,'DR_232','2024-07-24 14:19:17',0),(2760,'DR_233','2024-07-24 14:19:17',0),(2761,'WA_231','2024-07-24 14:19:17',0),(2762,'WA_232','2024-07-24 14:19:17',0),(2763,'WA_233','2024-07-24 14:19:17',0),(2764,'DR_311','2024-07-24 14:19:17',0),(2765,'DR_312','2024-07-24 14:19:17',0),(2766,'DR_313','2024-07-24 14:19:17',0),(2767,'DR_314','2024-07-24 14:19:17',0),(2768,'SW_31','2024-07-24 14:19:17',0),(2769,'SW_32','2024-07-24 14:19:17',0),(2770,'WA_311','2024-07-24 14:19:17',0),(2771,'WA_312','2024-07-24 14:19:17',0),(2772,'WA_313','2024-07-24 14:19:17',0),(2773,'WA_314','2024-07-24 14:19:17',0),(2774,'DR_321','2024-07-24 14:19:17',0),(2775,'DR_322','2024-07-24 14:19:17',0),(2776,'DR_323','2024-07-24 14:19:17',0),(2777,'DR_324','2024-07-24 14:19:17',0),(2778,'WA_321','2024-07-24 14:19:17',0),(2779,'WA_322','2024-07-24 14:19:17',0),(2780,'WA_323','2024-07-24 14:19:17',0),(2781,'WA_324','2024-07-24 14:19:17',0),(2782,'DR_331','2024-07-24 14:19:17',0),(2783,'DR_332','2024-07-24 14:19:17',0),(2784,'DR_333','2024-07-24 14:19:17',0),(2785,'DR_334','2024-07-24 14:19:17',0),(2786,'WA_331','2024-07-24 14:19:17',0),(2787,'WA_332','2024-07-24 14:19:17',0),(2788,'WA_333','2024-07-24 14:19:17',0),(2789,'WA_334','2024-07-24 14:19:17',0),(2806,'PB_12','2024-07-24 14:19:17',0),(2807,'PB_34','2024-07-24 14:19:17',0),(2808,'PB_56','2024-07-24 14:19:17',0),(2809,'DR_211','2024-07-24 14:19:17',0),(2810,'DR_212','2024-07-24 14:19:17',0),(2811,'SW_21','2024-07-24 14:19:17',0),(2812,'SW_22','2024-07-24 14:19:17',0),(2813,'WA_211','2024-07-24 14:19:17',0),(2814,'WA_212','2024-07-24 14:19:17',0),(2815,'DR_221','2024-07-24 14:19:17',0),(2816,'DR_222','2024-07-24 14:19:17',0),(2817,'DR_223','2024-07-24 14:19:17',0),(2818,'WA_221','2024-07-24 14:19:17',0),(2819,'WA_222','2024-07-24 14:19:17',0),(2820,'WA_223','2024-07-24 14:19:17',0),(2821,'DR_231','2024-07-24 14:19:17',0),(2822,'DR_232','2024-07-24 14:19:17',0),(2823,'DR_233','2024-07-24 14:19:17',0),(2824,'WA_231','2024-07-24 14:19:17',0),(2825,'WA_232','2024-07-24 14:19:17',0),(2826,'WA_233','2024-07-24 14:19:17',0),(2827,'DR_311','2024-07-24 14:19:17',0),(2828,'DR_312','2024-07-24 14:19:17',0),(2829,'DR_313','2024-07-24 14:19:17',0),(2830,'DR_314','2024-07-24 14:19:17',0),(2831,'SW_31','2024-07-24 14:19:17',0),(2832,'SW_32','2024-07-24 14:19:17',0),(2833,'WA_311','2024-07-24 14:19:17',0),(2834,'WA_312','2024-07-24 14:19:17',0),(2835,'WA_313','2024-07-24 14:19:17',0),(2836,'WA_314','2024-07-24 14:19:17',0),(2837,'DR_321','2024-07-24 14:19:17',0),(2838,'DR_322','2024-07-24 14:19:17',0),(2839,'DR_323','2024-07-24 14:19:17',0),(2840,'DR_324','2024-07-24 14:19:17',0),(2841,'WA_321','2024-07-24 14:19:17',0),(2842,'WA_322','2024-07-24 14:19:17',0),(2843,'WA_323','2024-07-24 14:19:17',0),(2844,'WA_324','2024-07-24 14:19:17',0),(2845,'DR_331','2024-07-24 14:19:17',0),(2846,'DR_332','2024-07-24 14:19:17',0),(2847,'DR_333','2024-07-24 14:19:17',0),(2848,'DR_334','2024-07-24 14:19:17',0),(2849,'WA_331','2024-07-24 14:19:17',0),(2850,'WA_332','2024-07-24 14:19:17',0),(2851,'WA_333','2024-07-24 14:19:17',0),(2852,'WA_334','2024-07-24 14:19:17',0),(2869,'PB_12','2024-07-24 14:19:18',0),(2870,'PB_34','2024-07-24 14:19:18',0),(2871,'PB_56','2024-07-24 14:19:18',0),(2872,'DR_211','2024-07-24 14:19:18',0),(2873,'DR_212','2024-07-24 14:19:18',0),(2874,'SW_21','2024-07-24 14:19:18',0),(2875,'SW_22','2024-07-24 14:19:18',0),(2876,'WA_211','2024-07-24 14:19:18',0),(2877,'WA_212','2024-07-24 14:19:18',0),(2878,'DR_221','2024-07-24 14:19:18',0),(2879,'DR_222','2024-07-24 14:19:18',0),(2880,'DR_223','2024-07-24 14:19:18',0),(2881,'WA_221','2024-07-24 14:19:18',0),(2882,'WA_222','2024-07-24 14:19:18',0),(2883,'WA_223','2024-07-24 14:19:18',0),(2884,'DR_231','2024-07-24 14:19:18',0),(2885,'DR_232','2024-07-24 14:19:18',0),(2886,'DR_233','2024-07-24 14:19:18',0),(2887,'WA_231','2024-07-24 14:19:18',0),(2888,'WA_232','2024-07-24 14:19:18',0),(2889,'WA_233','2024-07-24 14:19:18',0),(2890,'DR_311','2024-07-24 14:19:18',0),(2891,'DR_312','2024-07-24 14:19:18',0),(2892,'DR_313','2024-07-24 14:19:18',0),(2893,'DR_314','2024-07-24 14:19:18',0),(2894,'SW_31','2024-07-24 14:19:18',0),(2895,'SW_32','2024-07-24 14:19:18',0),(2896,'WA_311','2024-07-24 14:19:18',0),(2897,'WA_312','2024-07-24 14:19:18',0),(2898,'WA_313','2024-07-24 14:19:18',0),(2899,'WA_314','2024-07-24 14:19:18',0),(2900,'DR_321','2024-07-24 14:19:18',0),(2901,'DR_322','2024-07-24 14:19:18',0),(2902,'DR_323','2024-07-24 14:19:18',0),(2903,'DR_324','2024-07-24 14:19:18',0),(2904,'WA_321','2024-07-24 14:19:18',0),(2905,'WA_322','2024-07-24 14:19:18',0),(2906,'WA_323','2024-07-24 14:19:18',0),(2907,'WA_324','2024-07-24 14:19:18',0),(2908,'DR_331','2024-07-24 14:19:18',0),(2909,'DR_332','2024-07-24 14:19:18',0),(2910,'DR_333','2024-07-24 14:19:18',0),(2911,'DR_334','2024-07-24 14:19:18',0),(2912,'WA_331','2024-07-24 14:19:18',0),(2913,'WA_332','2024-07-24 14:19:18',0),(2914,'WA_333','2024-07-24 14:19:18',0),(2915,'WA_334','2024-07-24 14:19:18',0),(2932,'PB_12','2024-07-24 14:19:18',0),(2933,'PB_34','2024-07-24 14:19:18',0),(2934,'PB_56','2024-07-24 14:19:18',0),(2935,'DR_211','2024-07-24 14:19:18',0),(2936,'DR_212','2024-07-24 14:19:18',0),(2937,'SW_21','2024-07-24 14:19:18',0),(2938,'SW_22','2024-07-24 14:19:18',0),(2939,'WA_211','2024-07-24 14:19:18',0),(2940,'WA_212','2024-07-24 14:19:18',0),(2941,'DR_221','2024-07-24 14:19:18',0),(2942,'DR_222','2024-07-24 14:19:18',0),(2943,'DR_223','2024-07-24 14:19:18',0),(2944,'WA_221','2024-07-24 14:19:18',0),(2945,'WA_222','2024-07-24 14:19:18',0),(2946,'WA_223','2024-07-24 14:19:18',0),(2947,'DR_231','2024-07-24 14:19:18',0),(2948,'DR_232','2024-07-24 14:19:18',0),(2949,'DR_233','2024-07-24 14:19:18',0),(2950,'WA_231','2024-07-24 14:19:18',0),(2951,'WA_232','2024-07-24 14:19:18',0),(2952,'WA_233','2024-07-24 14:19:18',0),(2953,'DR_311','2024-07-24 14:19:18',0),(2954,'DR_312','2024-07-24 14:19:18',0),(2955,'DR_313','2024-07-24 14:19:18',0),(2956,'DR_314','2024-07-24 14:19:18',0),(2957,'SW_31','2024-07-24 14:19:18',0),(2958,'SW_32','2024-07-24 14:19:18',0),(2959,'WA_311','2024-07-24 14:19:18',0),(2960,'WA_312','2024-07-24 14:19:18',0),(2961,'WA_313','2024-07-24 14:19:18',0),(2962,'WA_314','2024-07-24 14:19:18',0),(2963,'DR_321','2024-07-24 14:19:18',0),(2964,'DR_322','2024-07-24 14:19:18',0),(2965,'DR_323','2024-07-24 14:19:18',0),(2966,'DR_324','2024-07-24 14:19:18',0),(2967,'WA_321','2024-07-24 14:19:18',0),(2968,'WA_322','2024-07-24 14:19:18',0),(2969,'WA_323','2024-07-24 14:19:18',0),(2970,'WA_324','2024-07-24 14:19:18',0),(2971,'DR_331','2024-07-24 14:19:18',0),(2972,'DR_332','2024-07-24 14:19:18',0),(2973,'DR_333','2024-07-24 14:19:18',0),(2974,'DR_334','2024-07-24 14:19:18',0),(2975,'WA_331','2024-07-24 14:19:18',0),(2976,'WA_332','2024-07-24 14:19:18',0),(2977,'WA_333','2024-07-24 14:19:18',0),(2978,'WA_334','2024-07-24 14:19:18',0),(2995,'PB_12','2024-07-24 14:19:18',0),(2996,'PB_34','2024-07-24 14:19:18',0),(2997,'PB_56','2024-07-24 14:19:18',0),(2998,'DR_211','2024-07-24 14:19:18',0),(2999,'DR_212','2024-07-24 14:19:18',0),(3000,'SW_21','2024-07-24 14:19:18',0),(3001,'SW_22','2024-07-24 14:19:18',0),(3002,'WA_211','2024-07-24 14:19:18',0),(3003,'WA_212','2024-07-24 14:19:18',0),(3004,'DR_221','2024-07-24 14:19:18',0),(3005,'DR_222','2024-07-24 14:19:18',0),(3006,'DR_223','2024-07-24 14:19:18',0),(3007,'WA_221','2024-07-24 14:19:18',0),(3008,'WA_222','2024-07-24 14:19:18',0),(3009,'WA_223','2024-07-24 14:19:18',0),(3010,'DR_231','2024-07-24 14:19:18',0),(3011,'DR_232','2024-07-24 14:19:18',0),(3012,'DR_233','2024-07-24 14:19:18',0),(3013,'WA_231','2024-07-24 14:19:18',0),(3014,'WA_232','2024-07-24 14:19:18',0),(3015,'WA_233','2024-07-24 14:19:18',0),(3016,'DR_311','2024-07-24 14:19:18',0),(3017,'DR_312','2024-07-24 14:19:18',0),(3018,'DR_313','2024-07-24 14:19:18',0),(3019,'DR_314','2024-07-24 14:19:18',0),(3020,'SW_31','2024-07-24 14:19:18',0),(3021,'SW_32','2024-07-24 14:19:18',0),(3022,'WA_311','2024-07-24 14:19:18',0),(3023,'WA_312','2024-07-24 14:19:18',0),(3024,'WA_313','2024-07-24 14:19:18',0),(3025,'WA_314','2024-07-24 14:19:18',0),(3026,'DR_321','2024-07-24 14:19:18',0),(3027,'DR_322','2024-07-24 14:19:18',0),(3028,'DR_323','2024-07-24 14:19:18',0),(3029,'DR_324','2024-07-24 14:19:18',0),(3030,'WA_321','2024-07-24 14:19:18',0),(3031,'WA_322','2024-07-24 14:19:18',0),(3032,'WA_323','2024-07-24 14:19:18',0),(3033,'WA_324','2024-07-24 14:19:18',0),(3034,'DR_331','2024-07-24 14:19:18',0),(3035,'DR_332','2024-07-24 14:19:18',0),(3036,'DR_333','2024-07-24 14:19:18',0),(3037,'DR_334','2024-07-24 14:19:18',0),(3038,'WA_331','2024-07-24 14:19:18',0),(3039,'WA_332','2024-07-24 14:19:18',0),(3040,'WA_333','2024-07-24 14:19:18',0),(3041,'WA_334','2024-07-24 14:19:18',0),(3058,'PB_12','2024-07-24 14:19:18',0),(3059,'PB_34','2024-07-24 14:19:18',0),(3060,'PB_56','2024-07-24 14:19:18',0),(3061,'DR_211','2024-07-24 14:19:18',0),(3062,'DR_212','2024-07-24 14:19:18',0),(3063,'SW_21','2024-07-24 14:19:18',0),(3064,'SW_22','2024-07-24 14:19:18',0),(3065,'WA_211','2024-07-24 14:19:18',0),(3066,'WA_212','2024-07-24 14:19:18',0),(3067,'DR_221','2024-07-24 14:19:18',0),(3068,'DR_222','2024-07-24 14:19:18',0),(3069,'DR_223','2024-07-24 14:19:18',0),(3070,'WA_221','2024-07-24 14:19:18',0),(3071,'WA_222','2024-07-24 14:19:18',0),(3072,'WA_223','2024-07-24 14:19:18',0),(3073,'DR_231','2024-07-24 14:19:18',0),(3074,'DR_232','2024-07-24 14:19:18',0),(3075,'DR_233','2024-07-24 14:19:18',0),(3076,'WA_231','2024-07-24 14:19:18',0),(3077,'WA_232','2024-07-24 14:19:18',0),(3078,'WA_233','2024-07-24 14:19:18',0),(3079,'DR_311','2024-07-24 14:19:18',0),(3080,'DR_312','2024-07-24 14:19:18',0),(3081,'DR_313','2024-07-24 14:19:18',0),(3082,'DR_314','2024-07-24 14:19:18',0),(3083,'SW_31','2024-07-24 14:19:18',0),(3084,'SW_32','2024-07-24 14:19:18',0),(3085,'WA_311','2024-07-24 14:19:18',0),(3086,'WA_312','2024-07-24 14:19:18',0),(3087,'WA_313','2024-07-24 14:19:18',0),(3088,'WA_314','2024-07-24 14:19:18',0),(3089,'DR_321','2024-07-24 14:19:18',0),(3090,'DR_322','2024-07-24 14:19:18',0),(3091,'DR_323','2024-07-24 14:19:18',0),(3092,'DR_324','2024-07-24 14:19:18',0),(3093,'WA_321','2024-07-24 14:19:18',0),(3094,'WA_322','2024-07-24 14:19:18',0),(3095,'WA_323','2024-07-24 14:19:18',0),(3096,'WA_324','2024-07-24 14:19:18',0),(3097,'DR_331','2024-07-24 14:19:18',0),(3098,'DR_332','2024-07-24 14:19:18',0),(3099,'DR_333','2024-07-24 14:19:18',0),(3100,'DR_334','2024-07-24 14:19:18',0),(3101,'WA_331','2024-07-24 14:19:18',0),(3102,'WA_332','2024-07-24 14:19:18',0),(3103,'WA_333','2024-07-24 14:19:18',0),(3104,'WA_334','2024-07-24 14:19:18',0),(3121,'PB_12','2024-07-24 14:24:36',1),(3122,'PB_34','2024-07-24 14:24:36',1),(3123,'PB_56','2024-07-24 14:24:36',1),(3124,'DR_211','2024-07-24 14:24:36',1),(3125,'DR_212','2024-07-24 14:24:36',1),(3126,'SW_21','2024-07-24 14:24:36',1),(3127,'SW_22','2024-07-24 14:24:36',1),(3128,'WA_211','2024-07-24 14:24:36',1),(3129,'WA_212','2024-07-24 14:24:36',1),(3130,'DR_221','2024-07-24 14:24:36',1),(3131,'DR_222','2024-07-24 14:24:36',1),(3132,'DR_223','2024-07-24 14:24:36',1),(3133,'WA_221','2024-07-24 14:24:36',1),(3134,'WA_222','2024-07-24 14:24:36',1),(3135,'WA_223','2024-07-24 14:24:36',1),(3136,'DR_231','2024-07-24 14:24:36',1),(3137,'DR_232','2024-07-24 14:24:36',1),(3138,'DR_233','2024-07-24 14:24:36',1),(3139,'WA_231','2024-07-24 14:24:36',1),(3140,'WA_232','2024-07-24 14:24:36',1),(3141,'WA_233','2024-07-24 14:24:36',1),(3142,'DR_311','2024-07-24 14:24:36',1),(3143,'DR_312','2024-07-24 14:24:36',1),(3144,'DR_313','2024-07-24 14:24:36',1),(3145,'DR_314','2024-07-24 14:24:36',1),(3146,'SW_31','2024-07-24 14:24:36',1),(3147,'SW_32','2024-07-24 14:24:36',1),(3148,'WA_311','2024-07-24 14:24:36',1),(3149,'WA_312','2024-07-24 14:24:36',1),(3150,'WA_313','2024-07-24 14:24:36',1),(3151,'WA_314','2024-07-24 14:24:36',1),(3152,'DR_321','2024-07-24 14:24:36',1),(3153,'DR_322','2024-07-24 14:24:36',1),(3154,'DR_323','2024-07-24 14:24:36',1),(3155,'DR_324','2024-07-24 14:24:36',1),(3156,'WA_321','2024-07-24 14:24:36',1),(3157,'WA_322','2024-07-24 14:24:36',1),(3158,'WA_323','2024-07-24 14:24:36',1),(3159,'WA_324','2024-07-24 14:24:36',1),(3160,'DR_331','2024-07-24 14:24:36',1),(3161,'DR_332','2024-07-24 14:24:36',1),(3162,'DR_333','2024-07-24 14:24:36',1),(3163,'DR_334','2024-07-24 14:24:36',1),(3164,'WA_331','2024-07-24 14:24:36',1),(3165,'WA_332','2024-07-24 14:24:36',1),(3166,'WA_333','2024-07-24 14:24:36',1),(3167,'WA_334','2024-07-24 14:24:36',1),(3184,'PB_12','2024-07-24 14:24:42',0),(3185,'PB_34','2024-07-24 14:24:42',0),(3186,'PB_56','2024-07-24 14:24:42',0),(3187,'DR_211','2024-07-24 14:24:42',0),(3188,'DR_212','2024-07-24 14:24:42',0),(3189,'SW_21','2024-07-24 14:24:42',0),(3190,'SW_22','2024-07-24 14:24:42',0),(3191,'WA_211','2024-07-24 14:24:42',0),(3192,'WA_212','2024-07-24 14:24:42',0),(3193,'DR_221','2024-07-24 14:24:42',0),(3194,'DR_222','2024-07-24 14:24:42',0),(3195,'DR_223','2024-07-24 14:24:42',0),(3196,'WA_221','2024-07-24 14:24:42',0),(3197,'WA_222','2024-07-24 14:24:42',0),(3198,'WA_223','2024-07-24 14:24:42',0),(3199,'DR_231','2024-07-24 14:24:42',0),(3200,'DR_232','2024-07-24 14:24:42',0),(3201,'DR_233','2024-07-24 14:24:42',0),(3202,'WA_231','2024-07-24 14:24:42',0),(3203,'WA_232','2024-07-24 14:24:42',0),(3204,'WA_233','2024-07-24 14:24:42',0),(3205,'DR_311','2024-07-24 14:24:42',0),(3206,'DR_312','2024-07-24 14:24:42',0),(3207,'DR_313','2024-07-24 14:24:42',0),(3208,'DR_314','2024-07-24 14:24:42',0),(3209,'SW_31','2024-07-24 14:24:42',0),(3210,'SW_32','2024-07-24 14:24:42',0),(3211,'WA_311','2024-07-24 14:24:42',0),(3212,'WA_312','2024-07-24 14:24:42',0),(3213,'WA_313','2024-07-24 14:24:42',0),(3214,'WA_314','2024-07-24 14:24:42',0),(3215,'DR_321','2024-07-24 14:24:42',0),(3216,'DR_322','2024-07-24 14:24:42',0),(3217,'DR_323','2024-07-24 14:24:42',0),(3218,'DR_324','2024-07-24 14:24:42',0),(3219,'WA_321','2024-07-24 14:24:42',0),(3220,'WA_322','2024-07-24 14:24:42',0),(3221,'WA_323','2024-07-24 14:24:42',0),(3222,'WA_324','2024-07-24 14:24:42',0),(3223,'DR_331','2024-07-24 14:24:42',0),(3224,'DR_332','2024-07-24 14:24:42',0),(3225,'DR_333','2024-07-24 14:24:42',0),(3226,'DR_334','2024-07-24 14:24:42',0),(3227,'WA_331','2024-07-24 14:24:42',0),(3228,'WA_332','2024-07-24 14:24:42',0),(3229,'WA_333','2024-07-24 14:24:42',0),(3230,'WA_334','2024-07-24 14:24:42',0),(3247,'PB_12','2024-07-24 14:24:46',1),(3248,'PB_34','2024-07-24 14:24:46',1),(3249,'PB_56','2024-07-24 14:24:46',1),(3250,'DR_211','2024-07-24 14:24:46',1),(3251,'DR_212','2024-07-24 14:24:46',1),(3252,'SW_21','2024-07-24 14:24:46',1),(3253,'SW_22','2024-07-24 14:24:46',1),(3254,'WA_211','2024-07-24 14:24:46',1),(3255,'WA_212','2024-07-24 14:24:46',1),(3256,'DR_221','2024-07-24 14:24:46',1),(3257,'DR_222','2024-07-24 14:24:46',1),(3258,'DR_223','2024-07-24 14:24:46',1),(3259,'WA_221','2024-07-24 14:24:46',1),(3260,'WA_222','2024-07-24 14:24:46',1),(3261,'WA_223','2024-07-24 14:24:46',1),(3262,'DR_231','2024-07-24 14:24:46',1),(3263,'DR_232','2024-07-24 14:24:46',1),(3264,'DR_233','2024-07-24 14:24:46',1),(3265,'WA_231','2024-07-24 14:24:46',1),(3266,'WA_232','2024-07-24 14:24:46',1),(3267,'WA_233','2024-07-24 14:24:46',1),(3268,'DR_311','2024-07-24 14:24:46',1),(3269,'DR_312','2024-07-24 14:24:46',1),(3270,'DR_313','2024-07-24 14:24:46',1),(3271,'DR_314','2024-07-24 14:24:46',1),(3272,'SW_31','2024-07-24 14:24:46',1),(3273,'SW_32','2024-07-24 14:24:46',1),(3274,'WA_311','2024-07-24 14:24:46',1),(3275,'WA_312','2024-07-24 14:24:46',1),(3276,'WA_313','2024-07-24 14:24:46',1),(3277,'WA_314','2024-07-24 14:24:46',1),(3278,'DR_321','2024-07-24 14:24:46',1),(3279,'DR_322','2024-07-24 14:24:46',1),(3280,'DR_323','2024-07-24 14:24:46',1),(3281,'DR_324','2024-07-24 14:24:46',1),(3282,'WA_321','2024-07-24 14:24:46',1),(3283,'WA_322','2024-07-24 14:24:46',1),(3284,'WA_323','2024-07-24 14:24:46',1),(3285,'WA_324','2024-07-24 14:24:46',1),(3286,'DR_331','2024-07-24 14:24:46',1),(3287,'DR_332','2024-07-24 14:24:46',1),(3288,'DR_333','2024-07-24 14:24:46',1),(3289,'DR_334','2024-07-24 14:24:46',1),(3290,'WA_331','2024-07-24 14:24:46',1),(3291,'WA_332','2024-07-24 14:24:46',1),(3292,'WA_333','2024-07-24 14:24:46',1),(3293,'WA_334','2024-07-24 14:24:46',1),(3310,'PB_12','2024-07-24 14:24:48',0),(3311,'PB_34','2024-07-24 14:24:48',0),(3312,'PB_56','2024-07-24 14:24:48',0),(3313,'DR_211','2024-07-24 14:24:48',0),(3314,'DR_212','2024-07-24 14:24:48',0),(3315,'SW_21','2024-07-24 14:24:48',0),(3316,'SW_22','2024-07-24 14:24:48',0),(3317,'WA_211','2024-07-24 14:24:48',0),(3318,'WA_212','2024-07-24 14:24:48',0),(3319,'DR_221','2024-07-24 14:24:48',0),(3320,'DR_222','2024-07-24 14:24:48',0),(3321,'DR_223','2024-07-24 14:24:48',0),(3322,'WA_221','2024-07-24 14:24:48',0),(3323,'WA_222','2024-07-24 14:24:48',0),(3324,'WA_223','2024-07-24 14:24:48',0),(3325,'DR_231','2024-07-24 14:24:48',0),(3326,'DR_232','2024-07-24 14:24:48',0),(3327,'DR_233','2024-07-24 14:24:48',0),(3328,'WA_231','2024-07-24 14:24:48',0),(3329,'WA_232','2024-07-24 14:24:48',0),(3330,'WA_233','2024-07-24 14:24:48',0),(3331,'DR_311','2024-07-24 14:24:48',0),(3332,'DR_312','2024-07-24 14:24:48',0),(3333,'DR_313','2024-07-24 14:24:48',0),(3334,'DR_314','2024-07-24 14:24:48',0),(3335,'SW_31','2024-07-24 14:24:48',0),(3336,'SW_32','2024-07-24 14:24:48',0),(3337,'WA_311','2024-07-24 14:24:48',0),(3338,'WA_312','2024-07-24 14:24:48',0),(3339,'WA_313','2024-07-24 14:24:48',0),(3340,'WA_314','2024-07-24 14:24:48',0),(3341,'DR_321','2024-07-24 14:24:48',0),(3342,'DR_322','2024-07-24 14:24:48',0),(3343,'DR_323','2024-07-24 14:24:48',0),(3344,'DR_324','2024-07-24 14:24:48',0),(3345,'WA_321','2024-07-24 14:24:48',0),(3346,'WA_322','2024-07-24 14:24:48',0),(3347,'WA_323','2024-07-24 14:24:48',0),(3348,'WA_324','2024-07-24 14:24:48',0),(3349,'DR_331','2024-07-24 14:24:48',0),(3350,'DR_332','2024-07-24 14:24:48',0),(3351,'DR_333','2024-07-24 14:24:48',0),(3352,'DR_334','2024-07-24 14:24:48',0),(3353,'WA_331','2024-07-24 14:24:48',0),(3354,'WA_332','2024-07-24 14:24:48',0),(3355,'WA_333','2024-07-24 14:24:48',0),(3356,'WA_334','2024-07-24 14:24:48',0),(3373,'PB_12','2024-07-24 14:24:50',0),(3374,'PB_34','2024-07-24 14:24:50',0),(3375,'PB_56','2024-07-24 14:24:50',0),(3376,'DR_211','2024-07-24 14:24:50',0),(3377,'DR_212','2024-07-24 14:24:50',0),(3378,'SW_21','2024-07-24 14:24:50',0),(3379,'SW_22','2024-07-24 14:24:50',0),(3380,'WA_211','2024-07-24 14:24:50',0),(3381,'WA_212','2024-07-24 14:24:50',0),(3382,'DR_221','2024-07-24 14:24:50',0),(3383,'DR_222','2024-07-24 14:24:50',0),(3384,'DR_223','2024-07-24 14:24:50',0),(3385,'WA_221','2024-07-24 14:24:50',0),(3386,'WA_222','2024-07-24 14:24:50',0),(3387,'WA_223','2024-07-24 14:24:50',0),(3388,'DR_231','2024-07-24 14:24:50',0),(3389,'DR_232','2024-07-24 14:24:50',0),(3390,'DR_233','2024-07-24 14:24:50',0),(3391,'WA_231','2024-07-24 14:24:50',0),(3392,'WA_232','2024-07-24 14:24:50',0),(3393,'WA_233','2024-07-24 14:24:50',0),(3394,'DR_311','2024-07-24 14:24:50',0),(3395,'DR_312','2024-07-24 14:24:50',0),(3396,'DR_313','2024-07-24 14:24:50',0),(3397,'DR_314','2024-07-24 14:24:50',0),(3398,'SW_31','2024-07-24 14:24:50',0),(3399,'SW_32','2024-07-24 14:24:50',0),(3400,'WA_311','2024-07-24 14:24:50',0),(3401,'WA_312','2024-07-24 14:24:50',0),(3402,'WA_313','2024-07-24 14:24:50',0),(3403,'WA_314','2024-07-24 14:24:50',0),(3404,'DR_321','2024-07-24 14:24:50',0),(3405,'DR_322','2024-07-24 14:24:50',0),(3406,'DR_323','2024-07-24 14:24:50',0),(3407,'DR_324','2024-07-24 14:24:50',0),(3408,'WA_321','2024-07-24 14:24:50',0),(3409,'WA_322','2024-07-24 14:24:50',0),(3410,'WA_323','2024-07-24 14:24:50',0),(3411,'WA_324','2024-07-24 14:24:50',0),(3412,'DR_331','2024-07-24 14:24:50',0),(3413,'DR_332','2024-07-24 14:24:50',0),(3414,'DR_333','2024-07-24 14:24:50',0),(3415,'DR_334','2024-07-24 14:24:50',0),(3416,'WA_331','2024-07-24 14:24:50',0),(3417,'WA_332','2024-07-24 14:24:50',0),(3418,'WA_333','2024-07-24 14:24:50',0),(3419,'WA_334','2024-07-24 14:24:50',0),(3436,'PB_12','2024-07-24 14:24:52',1),(3437,'PB_34','2024-07-24 14:24:52',1),(3438,'PB_56','2024-07-24 14:24:52',1),(3439,'DR_211','2024-07-24 14:24:52',1),(3440,'DR_212','2024-07-24 14:24:52',1),(3441,'SW_21','2024-07-24 14:24:52',1),(3442,'SW_22','2024-07-24 14:24:52',1),(3443,'WA_211','2024-07-24 14:24:52',1),(3444,'WA_212','2024-07-24 14:24:52',1),(3445,'DR_221','2024-07-24 14:24:52',1),(3446,'DR_222','2024-07-24 14:24:52',1),(3447,'DR_223','2024-07-24 14:24:52',1),(3448,'WA_221','2024-07-24 14:24:52',1),(3449,'WA_222','2024-07-24 14:24:52',1),(3450,'WA_223','2024-07-24 14:24:52',1),(3451,'DR_231','2024-07-24 14:24:52',1),(3452,'DR_232','2024-07-24 14:24:52',1),(3453,'DR_233','2024-07-24 14:24:52',1),(3454,'WA_231','2024-07-24 14:24:52',1),(3455,'WA_232','2024-07-24 14:24:52',1),(3456,'WA_233','2024-07-24 14:24:52',1),(3457,'DR_311','2024-07-24 14:24:52',1),(3458,'DR_312','2024-07-24 14:24:52',1),(3459,'DR_313','2024-07-24 14:24:52',1),(3460,'DR_314','2024-07-24 14:24:52',1),(3461,'SW_31','2024-07-24 14:24:52',1),(3462,'SW_32','2024-07-24 14:24:52',1),(3463,'WA_311','2024-07-24 14:24:52',1),(3464,'WA_312','2024-07-24 14:24:52',1),(3465,'WA_313','2024-07-24 14:24:52',1),(3466,'WA_314','2024-07-24 14:24:52',1),(3467,'DR_321','2024-07-24 14:24:52',1),(3468,'DR_322','2024-07-24 14:24:52',1),(3469,'DR_323','2024-07-24 14:24:52',1),(3470,'DR_324','2024-07-24 14:24:52',1),(3471,'WA_321','2024-07-24 14:24:52',1),(3472,'WA_322','2024-07-24 14:24:52',1),(3473,'WA_323','2024-07-24 14:24:52',1),(3474,'WA_324','2024-07-24 14:24:52',1),(3475,'DR_331','2024-07-24 14:24:52',1),(3476,'DR_332','2024-07-24 14:24:52',1),(3477,'DR_333','2024-07-24 14:24:52',1),(3478,'DR_334','2024-07-24 14:24:52',1),(3479,'WA_331','2024-07-24 14:24:52',1),(3480,'WA_332','2024-07-24 14:24:52',1),(3481,'WA_333','2024-07-24 14:24:52',1),(3482,'WA_334','2024-07-24 14:24:52',1),(3499,'PB_12','2024-07-24 14:24:54',0),(3500,'PB_34','2024-07-24 14:24:54',0),(3501,'PB_56','2024-07-24 14:24:54',0),(3502,'DR_211','2024-07-24 14:24:54',0),(3503,'DR_212','2024-07-24 14:24:54',0),(3504,'SW_21','2024-07-24 14:24:54',0),(3505,'SW_22','2024-07-24 14:24:54',0),(3506,'WA_211','2024-07-24 14:24:54',0),(3507,'WA_212','2024-07-24 14:24:54',0),(3508,'DR_221','2024-07-24 14:24:54',0),(3509,'DR_222','2024-07-24 14:24:54',0),(3510,'DR_223','2024-07-24 14:24:54',0),(3511,'WA_221','2024-07-24 14:24:54',0),(3512,'WA_222','2024-07-24 14:24:54',0),(3513,'WA_223','2024-07-24 14:24:54',0),(3514,'DR_231','2024-07-24 14:24:54',0),(3515,'DR_232','2024-07-24 14:24:54',0),(3516,'DR_233','2024-07-24 14:24:54',0),(3517,'WA_231','2024-07-24 14:24:54',0),(3518,'WA_232','2024-07-24 14:24:54',0),(3519,'WA_233','2024-07-24 14:24:54',0),(3520,'DR_311','2024-07-24 14:24:54',0),(3521,'DR_312','2024-07-24 14:24:54',0),(3522,'DR_313','2024-07-24 14:24:54',0),(3523,'DR_314','2024-07-24 14:24:54',0),(3524,'SW_31','2024-07-24 14:24:54',0),(3525,'SW_32','2024-07-24 14:24:54',0),(3526,'WA_311','2024-07-24 14:24:54',0),(3527,'WA_312','2024-07-24 14:24:54',0),(3528,'WA_313','2024-07-24 14:24:54',0),(3529,'WA_314','2024-07-24 14:24:54',0),(3530,'DR_321','2024-07-24 14:24:54',0),(3531,'DR_322','2024-07-24 14:24:54',0),(3532,'DR_323','2024-07-24 14:24:54',0),(3533,'DR_324','2024-07-24 14:24:54',0),(3534,'WA_321','2024-07-24 14:24:54',0),(3535,'WA_322','2024-07-24 14:24:54',0),(3536,'WA_323','2024-07-24 14:24:54',0),(3537,'WA_324','2024-07-24 14:24:54',0),(3538,'DR_331','2024-07-24 14:24:54',0),(3539,'DR_332','2024-07-24 14:24:54',0),(3540,'DR_333','2024-07-24 14:24:54',0),(3541,'DR_334','2024-07-24 14:24:54',0),(3542,'WA_331','2024-07-24 14:24:54',0),(3543,'WA_332','2024-07-24 14:24:54',0),(3544,'WA_333','2024-07-24 14:24:54',0),(3545,'WA_334','2024-07-24 14:24:54',0),(3562,'PB_12','2024-07-24 14:24:57',0),(3563,'PB_34','2024-07-24 14:24:57',0),(3564,'PB_56','2024-07-24 14:24:57',0),(3565,'DR_211','2024-07-24 14:24:57',0),(3566,'DR_212','2024-07-24 14:24:57',0),(3567,'SW_21','2024-07-24 14:24:57',0),(3568,'SW_22','2024-07-24 14:24:57',0),(3569,'WA_211','2024-07-24 14:24:57',0),(3570,'WA_212','2024-07-24 14:24:57',0),(3571,'DR_221','2024-07-24 14:24:57',0),(3572,'DR_222','2024-07-24 14:24:57',0),(3573,'DR_223','2024-07-24 14:24:57',0),(3574,'WA_221','2024-07-24 14:24:57',0),(3575,'WA_222','2024-07-24 14:24:57',0),(3576,'WA_223','2024-07-24 14:24:57',0),(3577,'DR_231','2024-07-24 14:24:57',0),(3578,'DR_232','2024-07-24 14:24:57',0),(3579,'DR_233','2024-07-24 14:24:57',0),(3580,'WA_231','2024-07-24 14:24:57',0),(3581,'WA_232','2024-07-24 14:24:57',0),(3582,'WA_233','2024-07-24 14:24:57',0),(3583,'DR_311','2024-07-24 14:24:57',0),(3584,'DR_312','2024-07-24 14:24:57',0),(3585,'DR_313','2024-07-24 14:24:57',0),(3586,'DR_314','2024-07-24 14:24:57',0),(3587,'SW_31','2024-07-24 14:24:57',0),(3588,'SW_32','2024-07-24 14:24:57',0),(3589,'WA_311','2024-07-24 14:24:57',0),(3590,'WA_312','2024-07-24 14:24:57',0),(3591,'WA_313','2024-07-24 14:24:57',0),(3592,'WA_314','2024-07-24 14:24:57',0),(3593,'DR_321','2024-07-24 14:24:57',0),(3594,'DR_322','2024-07-24 14:24:57',0),(3595,'DR_323','2024-07-24 14:24:57',0),(3596,'DR_324','2024-07-24 14:24:57',0),(3597,'WA_321','2024-07-24 14:24:57',0),(3598,'WA_322','2024-07-24 14:24:57',0),(3599,'WA_323','2024-07-24 14:24:57',0),(3600,'WA_324','2024-07-24 14:24:57',0),(3601,'DR_331','2024-07-24 14:24:57',0),(3602,'DR_332','2024-07-24 14:24:57',0),(3603,'DR_333','2024-07-24 14:24:57',0),(3604,'DR_334','2024-07-24 14:24:57',0),(3605,'WA_331','2024-07-24 14:24:57',0),(3606,'WA_332','2024-07-24 14:24:57',0),(3607,'WA_333','2024-07-24 14:24:57',0),(3608,'WA_334','2024-07-24 14:24:57',0),(3625,'PB_12','2024-07-24 14:24:59',0),(3626,'PB_34','2024-07-24 14:24:59',0),(3627,'PB_56','2024-07-24 14:24:59',0),(3628,'DR_211','2024-07-24 14:24:59',0),(3629,'DR_212','2024-07-24 14:24:59',0),(3630,'SW_21','2024-07-24 14:24:59',0),(3631,'SW_22','2024-07-24 14:24:59',0),(3632,'WA_211','2024-07-24 14:24:59',0),(3633,'WA_212','2024-07-24 14:24:59',0),(3634,'DR_221','2024-07-24 14:24:59',0),(3635,'DR_222','2024-07-24 14:24:59',0),(3636,'DR_223','2024-07-24 14:24:59',0),(3637,'WA_221','2024-07-24 14:24:59',0),(3638,'WA_222','2024-07-24 14:24:59',0),(3639,'WA_223','2024-07-24 14:24:59',0),(3640,'DR_231','2024-07-24 14:24:59',0),(3641,'DR_232','2024-07-24 14:24:59',0),(3642,'DR_233','2024-07-24 14:24:59',0),(3643,'WA_231','2024-07-24 14:24:59',0),(3644,'WA_232','2024-07-24 14:24:59',0),(3645,'WA_233','2024-07-24 14:24:59',0),(3646,'DR_311','2024-07-24 14:24:59',0),(3647,'DR_312','2024-07-24 14:24:59',0),(3648,'DR_313','2024-07-24 14:24:59',0),(3649,'DR_314','2024-07-24 14:24:59',0),(3650,'SW_31','2024-07-24 14:24:59',0),(3651,'SW_32','2024-07-24 14:24:59',0),(3652,'WA_311','2024-07-24 14:24:59',0),(3653,'WA_312','2024-07-24 14:24:59',0),(3654,'WA_313','2024-07-24 14:24:59',0),(3655,'WA_314','2024-07-24 14:24:59',0),(3656,'DR_321','2024-07-24 14:24:59',0),(3657,'DR_322','2024-07-24 14:24:59',0),(3658,'DR_323','2024-07-24 14:24:59',0),(3659,'DR_324','2024-07-24 14:24:59',0),(3660,'WA_321','2024-07-24 14:24:59',0),(3661,'WA_322','2024-07-24 14:24:59',0),(3662,'WA_323','2024-07-24 14:24:59',0),(3663,'WA_324','2024-07-24 14:24:59',0),(3664,'DR_331','2024-07-24 14:24:59',0),(3665,'DR_332','2024-07-24 14:24:59',0),(3666,'DR_333','2024-07-24 14:24:59',0),(3667,'DR_334','2024-07-24 14:24:59',0),(3668,'WA_331','2024-07-24 14:24:59',0),(3669,'WA_332','2024-07-24 14:24:59',0),(3670,'WA_333','2024-07-24 14:24:59',0),(3671,'WA_334','2024-07-24 14:24:59',0),(3688,'PB_12','2024-07-24 14:25:00',0),(3689,'PB_34','2024-07-24 14:25:00',0),(3690,'PB_56','2024-07-24 14:25:00',0),(3691,'DR_211','2024-07-24 14:25:00',0),(3692,'DR_212','2024-07-24 14:25:00',0),(3693,'SW_21','2024-07-24 14:25:00',0),(3694,'SW_22','2024-07-24 14:25:00',0),(3695,'WA_211','2024-07-24 14:25:00',0),(3696,'WA_212','2024-07-24 14:25:00',0),(3697,'DR_221','2024-07-24 14:25:00',0),(3698,'DR_222','2024-07-24 14:25:00',0),(3699,'DR_223','2024-07-24 14:25:00',0),(3700,'WA_221','2024-07-24 14:25:00',0),(3701,'WA_222','2024-07-24 14:25:00',0),(3702,'WA_223','2024-07-24 14:25:00',0),(3703,'DR_231','2024-07-24 14:25:00',0),(3704,'DR_232','2024-07-24 14:25:00',0),(3705,'DR_233','2024-07-24 14:25:00',0),(3706,'WA_231','2024-07-24 14:25:00',0),(3707,'WA_232','2024-07-24 14:25:00',0),(3708,'WA_233','2024-07-24 14:25:00',0),(3709,'DR_311','2024-07-24 14:25:00',0),(3710,'DR_312','2024-07-24 14:25:00',0),(3711,'DR_313','2024-07-24 14:25:00',0),(3712,'DR_314','2024-07-24 14:25:00',0),(3713,'SW_31','2024-07-24 14:25:00',0),(3714,'SW_32','2024-07-24 14:25:00',0),(3715,'WA_311','2024-07-24 14:25:00',0),(3716,'WA_312','2024-07-24 14:25:00',0),(3717,'WA_313','2024-07-24 14:25:00',0),(3718,'WA_314','2024-07-24 14:25:00',0),(3719,'DR_321','2024-07-24 14:25:00',0),(3720,'DR_322','2024-07-24 14:25:00',0),(3721,'DR_323','2024-07-24 14:25:00',0),(3722,'DR_324','2024-07-24 14:25:00',0),(3723,'WA_321','2024-07-24 14:25:00',0),(3724,'WA_322','2024-07-24 14:25:00',0),(3725,'WA_323','2024-07-24 14:25:00',0),(3726,'WA_324','2024-07-24 14:25:00',0),(3727,'DR_331','2024-07-24 14:25:00',0),(3728,'DR_332','2024-07-24 14:25:00',0),(3729,'DR_333','2024-07-24 14:25:00',0),(3730,'DR_334','2024-07-24 14:25:00',0),(3731,'WA_331','2024-07-24 14:25:00',0),(3732,'WA_332','2024-07-24 14:25:00',0),(3733,'WA_333','2024-07-24 14:25:00',0),(3734,'WA_334','2024-07-24 14:25:00',0),(3751,'PB_12','2024-07-24 14:25:02',1),(3752,'PB_34','2024-07-24 14:25:02',1),(3753,'PB_56','2024-07-24 14:25:02',1),(3754,'DR_211','2024-07-24 14:25:02',1),(3755,'DR_212','2024-07-24 14:25:02',1),(3756,'SW_21','2024-07-24 14:25:02',1),(3757,'SW_22','2024-07-24 14:25:02',1),(3758,'WA_211','2024-07-24 14:25:02',1),(3759,'WA_212','2024-07-24 14:25:02',1),(3760,'DR_221','2024-07-24 14:25:02',1),(3761,'DR_222','2024-07-24 14:25:02',1),(3762,'DR_223','2024-07-24 14:25:02',1),(3763,'WA_221','2024-07-24 14:25:02',1),(3764,'WA_222','2024-07-24 14:25:02',1),(3765,'WA_223','2024-07-24 14:25:02',1),(3766,'DR_231','2024-07-24 14:25:02',1),(3767,'DR_232','2024-07-24 14:25:02',1),(3768,'DR_233','2024-07-24 14:25:02',1),(3769,'WA_231','2024-07-24 14:25:02',1),(3770,'WA_232','2024-07-24 14:25:02',1),(3771,'WA_233','2024-07-24 14:25:02',1),(3772,'DR_311','2024-07-24 14:25:02',1),(3773,'DR_312','2024-07-24 14:25:02',1),(3774,'DR_313','2024-07-24 14:25:02',1),(3775,'DR_314','2024-07-24 14:25:02',1),(3776,'SW_31','2024-07-24 14:25:02',1),(3777,'SW_32','2024-07-24 14:25:02',1),(3778,'WA_311','2024-07-24 14:25:02',1),(3779,'WA_312','2024-07-24 14:25:02',1),(3780,'WA_313','2024-07-24 14:25:02',1),(3781,'WA_314','2024-07-24 14:25:02',1),(3782,'DR_321','2024-07-24 14:25:02',1),(3783,'DR_322','2024-07-24 14:25:02',1),(3784,'DR_323','2024-07-24 14:25:02',1),(3785,'DR_324','2024-07-24 14:25:02',1),(3786,'WA_321','2024-07-24 14:25:02',1),(3787,'WA_322','2024-07-24 14:25:02',1),(3788,'WA_323','2024-07-24 14:25:02',1),(3789,'WA_324','2024-07-24 14:25:02',1),(3790,'DR_331','2024-07-24 14:25:02',1),(3791,'DR_332','2024-07-24 14:25:02',1),(3792,'DR_333','2024-07-24 14:25:02',1),(3793,'DR_334','2024-07-24 14:25:02',1),(3794,'WA_331','2024-07-24 14:25:02',1),(3795,'WA_332','2024-07-24 14:25:02',1),(3796,'WA_333','2024-07-24 14:25:02',1),(3797,'WA_334','2024-07-24 14:25:02',1),(3814,'PB_12','2024-07-24 14:25:05',0),(3815,'PB_34','2024-07-24 14:25:05',0),(3816,'PB_56','2024-07-24 14:25:05',0),(3817,'DR_211','2024-07-24 14:25:05',0),(3818,'DR_212','2024-07-24 14:25:05',0),(3819,'SW_21','2024-07-24 14:25:05',0),(3820,'SW_22','2024-07-24 14:25:05',0),(3821,'WA_211','2024-07-24 14:25:05',0),(3822,'WA_212','2024-07-24 14:25:05',0),(3823,'DR_221','2024-07-24 14:25:05',0),(3824,'DR_222','2024-07-24 14:25:05',0),(3825,'DR_223','2024-07-24 14:25:05',0),(3826,'WA_221','2024-07-24 14:25:05',0),(3827,'WA_222','2024-07-24 14:25:05',0),(3828,'WA_223','2024-07-24 14:25:05',0),(3829,'DR_231','2024-07-24 14:25:05',0),(3830,'DR_232','2024-07-24 14:25:05',0),(3831,'DR_233','2024-07-24 14:25:05',0),(3832,'WA_231','2024-07-24 14:25:05',0),(3833,'WA_232','2024-07-24 14:25:05',0),(3834,'WA_233','2024-07-24 14:25:05',0),(3835,'DR_311','2024-07-24 14:25:05',0),(3836,'DR_312','2024-07-24 14:25:05',0),(3837,'DR_313','2024-07-24 14:25:05',0),(3838,'DR_314','2024-07-24 14:25:05',0),(3839,'SW_31','2024-07-24 14:25:05',0),(3840,'SW_32','2024-07-24 14:25:05',0),(3841,'WA_311','2024-07-24 14:25:05',0),(3842,'WA_312','2024-07-24 14:25:05',0),(3843,'WA_313','2024-07-24 14:25:05',0),(3844,'WA_314','2024-07-24 14:25:05',0),(3845,'DR_321','2024-07-24 14:25:05',0),(3846,'DR_322','2024-07-24 14:25:05',0),(3847,'DR_323','2024-07-24 14:25:05',0),(3848,'DR_324','2024-07-24 14:25:05',0),(3849,'WA_321','2024-07-24 14:25:05',0),(3850,'WA_322','2024-07-24 14:25:05',0),(3851,'WA_323','2024-07-24 14:25:05',0),(3852,'WA_324','2024-07-24 14:25:05',0),(3853,'DR_331','2024-07-24 14:25:05',0),(3854,'DR_332','2024-07-24 14:25:05',0),(3855,'DR_333','2024-07-24 14:25:05',0),(3856,'DR_334','2024-07-24 14:25:05',0),(3857,'WA_331','2024-07-24 14:25:05',0),(3858,'WA_332','2024-07-24 14:25:05',0),(3859,'WA_333','2024-07-24 14:25:05',0),(3860,'WA_334','2024-07-24 14:25:05',0),(3877,'PB_12','2024-07-24 14:25:08',1),(3878,'PB_34','2024-07-24 14:25:08',1),(3879,'PB_56','2024-07-24 14:25:08',1),(3880,'DR_211','2024-07-24 14:25:08',1),(3881,'DR_212','2024-07-24 14:25:08',1),(3882,'SW_21','2024-07-24 14:25:08',1),(3883,'SW_22','2024-07-24 14:25:08',1),(3884,'WA_211','2024-07-24 14:25:08',1),(3885,'WA_212','2024-07-24 14:25:08',1),(3886,'DR_221','2024-07-24 14:25:08',1),(3887,'DR_222','2024-07-24 14:25:08',1),(3888,'DR_223','2024-07-24 14:25:08',1),(3889,'WA_221','2024-07-24 14:25:08',1),(3890,'WA_222','2024-07-24 14:25:08',1),(3891,'WA_223','2024-07-24 14:25:08',1),(3892,'DR_231','2024-07-24 14:25:08',1),(3893,'DR_232','2024-07-24 14:25:08',1),(3894,'DR_233','2024-07-24 14:25:08',1),(3895,'WA_231','2024-07-24 14:25:08',1),(3896,'WA_232','2024-07-24 14:25:08',1),(3897,'WA_233','2024-07-24 14:25:08',1),(3898,'DR_311','2024-07-24 14:25:08',1),(3899,'DR_312','2024-07-24 14:25:08',1),(3900,'DR_313','2024-07-24 14:25:08',1),(3901,'DR_314','2024-07-24 14:25:08',1),(3902,'SW_31','2024-07-24 14:25:08',1),(3903,'SW_32','2024-07-24 14:25:08',1),(3904,'WA_311','2024-07-24 14:25:08',1),(3905,'WA_312','2024-07-24 14:25:08',1),(3906,'WA_313','2024-07-24 14:25:08',1),(3907,'WA_314','2024-07-24 14:25:08',1),(3908,'DR_321','2024-07-24 14:25:08',1),(3909,'DR_322','2024-07-24 14:25:08',1),(3910,'DR_323','2024-07-24 14:25:08',1),(3911,'DR_324','2024-07-24 14:25:08',1),(3912,'WA_321','2024-07-24 14:25:08',1),(3913,'WA_322','2024-07-24 14:25:08',1),(3914,'WA_323','2024-07-24 14:25:08',1),(3915,'WA_324','2024-07-24 14:25:08',1),(3916,'DR_331','2024-07-24 14:25:08',1),(3917,'DR_332','2024-07-24 14:25:08',1),(3918,'DR_333','2024-07-24 14:25:08',1),(3919,'DR_334','2024-07-24 14:25:08',1),(3920,'WA_331','2024-07-24 14:25:08',1),(3921,'WA_332','2024-07-24 14:25:08',1),(3922,'WA_333','2024-07-24 14:25:08',1),(3923,'WA_334','2024-07-24 14:25:08',1),(3940,'PB_12','2024-07-24 14:25:11',0),(3941,'PB_34','2024-07-24 14:25:11',0),(3942,'PB_56','2024-07-24 14:25:11',0),(3943,'DR_211','2024-07-24 14:25:11',0),(3944,'DR_212','2024-07-24 14:25:11',0),(3945,'SW_21','2024-07-24 14:25:11',0),(3946,'SW_22','2024-07-24 14:25:11',0),(3947,'WA_211','2024-07-24 14:25:11',0),(3948,'WA_212','2024-07-24 14:25:11',0),(3949,'DR_221','2024-07-24 14:25:11',0),(3950,'DR_222','2024-07-24 14:25:11',0),(3951,'DR_223','2024-07-24 14:25:11',0),(3952,'WA_221','2024-07-24 14:25:11',0),(3953,'WA_222','2024-07-24 14:25:11',0),(3954,'WA_223','2024-07-24 14:25:11',0),(3955,'DR_231','2024-07-24 14:25:11',0),(3956,'DR_232','2024-07-24 14:25:11',0),(3957,'DR_233','2024-07-24 14:25:11',0),(3958,'WA_231','2024-07-24 14:25:11',0),(3959,'WA_232','2024-07-24 14:25:11',0),(3960,'WA_233','2024-07-24 14:25:11',0),(3961,'DR_311','2024-07-24 14:25:11',0),(3962,'DR_312','2024-07-24 14:25:11',0),(3963,'DR_313','2024-07-24 14:25:11',0),(3964,'DR_314','2024-07-24 14:25:11',0),(3965,'SW_31','2024-07-24 14:25:11',0),(3966,'SW_32','2024-07-24 14:25:11',0),(3967,'WA_311','2024-07-24 14:25:11',0),(3968,'WA_312','2024-07-24 14:25:11',0),(3969,'WA_313','2024-07-24 14:25:11',0),(3970,'WA_314','2024-07-24 14:25:11',0),(3971,'DR_321','2024-07-24 14:25:11',0),(3972,'DR_322','2024-07-24 14:25:11',0),(3973,'DR_323','2024-07-24 14:25:11',0),(3974,'DR_324','2024-07-24 14:25:11',0),(3975,'WA_321','2024-07-24 14:25:11',0),(3976,'WA_322','2024-07-24 14:25:11',0),(3977,'WA_323','2024-07-24 14:25:11',0),(3978,'WA_324','2024-07-24 14:25:11',0),(3979,'DR_331','2024-07-24 14:25:11',0),(3980,'DR_332','2024-07-24 14:25:11',0),(3981,'DR_333','2024-07-24 14:25:11',0),(3982,'DR_334','2024-07-24 14:25:11',0),(3983,'WA_331','2024-07-24 14:25:11',0),(3984,'WA_332','2024-07-24 14:25:11',0),(3985,'WA_333','2024-07-24 14:25:11',0),(3986,'WA_334','2024-07-24 14:25:11',0),(4003,'PB_12','2024-07-24 14:25:14',0),(4004,'PB_34','2024-07-24 14:25:14',0),(4005,'PB_56','2024-07-24 14:25:14',0),(4006,'DR_211','2024-07-24 14:25:14',0),(4007,'DR_212','2024-07-24 14:25:14',0),(4008,'SW_21','2024-07-24 14:25:14',0),(4009,'SW_22','2024-07-24 14:25:14',0),(4010,'WA_211','2024-07-24 14:25:14',0),(4011,'WA_212','2024-07-24 14:25:14',0),(4012,'DR_221','2024-07-24 14:25:14',0),(4013,'DR_222','2024-07-24 14:25:14',0),(4014,'DR_223','2024-07-24 14:25:14',0),(4015,'WA_221','2024-07-24 14:25:14',0),(4016,'WA_222','2024-07-24 14:25:14',0),(4017,'WA_223','2024-07-24 14:25:14',0),(4018,'DR_231','2024-07-24 14:25:14',0),(4019,'DR_232','2024-07-24 14:25:14',0),(4020,'DR_233','2024-07-24 14:25:14',0),(4021,'WA_231','2024-07-24 14:25:14',0),(4022,'WA_232','2024-07-24 14:25:14',0),(4023,'WA_233','2024-07-24 14:25:14',0),(4024,'DR_311','2024-07-24 14:25:14',0),(4025,'DR_312','2024-07-24 14:25:14',0),(4026,'DR_313','2024-07-24 14:25:14',0),(4027,'DR_314','2024-07-24 14:25:14',0),(4028,'SW_31','2024-07-24 14:25:14',0),(4029,'SW_32','2024-07-24 14:25:14',0),(4030,'WA_311','2024-07-24 14:25:14',0),(4031,'WA_312','2024-07-24 14:25:14',0),(4032,'WA_313','2024-07-24 14:25:14',0),(4033,'WA_314','2024-07-24 14:25:14',0),(4034,'DR_321','2024-07-24 14:25:14',0),(4035,'DR_322','2024-07-24 14:25:14',0),(4036,'DR_323','2024-07-24 14:25:14',0),(4037,'DR_324','2024-07-24 14:25:14',0),(4038,'WA_321','2024-07-24 14:25:14',0),(4039,'WA_322','2024-07-24 14:25:14',0),(4040,'WA_323','2024-07-24 14:25:14',0),(4041,'WA_324','2024-07-24 14:25:14',0),(4042,'DR_331','2024-07-24 14:25:14',0),(4043,'DR_332','2024-07-24 14:25:14',0),(4044,'DR_333','2024-07-24 14:25:14',0),(4045,'DR_334','2024-07-24 14:25:14',0),(4046,'WA_331','2024-07-24 14:25:14',0),(4047,'WA_332','2024-07-24 14:25:14',0),(4048,'WA_333','2024-07-24 14:25:14',0),(4049,'WA_334','2024-07-24 14:25:14',0),(4066,'PB_12','2024-07-24 14:25:16',0),(4067,'PB_34','2024-07-24 14:25:16',0),(4068,'PB_56','2024-07-24 14:25:16',0),(4069,'DR_211','2024-07-24 14:25:16',0),(4070,'DR_212','2024-07-24 14:25:16',0),(4071,'SW_21','2024-07-24 14:25:16',0),(4072,'SW_22','2024-07-24 14:25:16',0),(4073,'WA_211','2024-07-24 14:25:16',0),(4074,'WA_212','2024-07-24 14:25:16',0),(4075,'DR_221','2024-07-24 14:25:16',0),(4076,'DR_222','2024-07-24 14:25:16',0),(4077,'DR_223','2024-07-24 14:25:16',0),(4078,'WA_221','2024-07-24 14:25:16',0),(4079,'WA_222','2024-07-24 14:25:16',0),(4080,'WA_223','2024-07-24 14:25:16',0),(4081,'DR_231','2024-07-24 14:25:16',0),(4082,'DR_232','2024-07-24 14:25:16',0),(4083,'DR_233','2024-07-24 14:25:16',0),(4084,'WA_231','2024-07-24 14:25:16',0),(4085,'WA_232','2024-07-24 14:25:16',0),(4086,'WA_233','2024-07-24 14:25:16',0),(4087,'DR_311','2024-07-24 14:25:16',0),(4088,'DR_312','2024-07-24 14:25:16',0),(4089,'DR_313','2024-07-24 14:25:16',0),(4090,'DR_314','2024-07-24 14:25:16',0),(4091,'SW_31','2024-07-24 14:25:16',0),(4092,'SW_32','2024-07-24 14:25:16',0),(4093,'WA_311','2024-07-24 14:25:16',0),(4094,'WA_312','2024-07-24 14:25:16',0),(4095,'WA_313','2024-07-24 14:25:16',0),(4096,'WA_314','2024-07-24 14:25:16',0),(4097,'DR_321','2024-07-24 14:25:16',0),(4098,'DR_322','2024-07-24 14:25:16',0),(4099,'DR_323','2024-07-24 14:25:16',0),(4100,'DR_324','2024-07-24 14:25:16',0),(4101,'WA_321','2024-07-24 14:25:16',0),(4102,'WA_322','2024-07-24 14:25:16',0),(4103,'WA_323','2024-07-24 14:25:16',0),(4104,'WA_324','2024-07-24 14:25:16',0),(4105,'DR_331','2024-07-24 14:25:16',0),(4106,'DR_332','2024-07-24 14:25:16',0),(4107,'DR_333','2024-07-24 14:25:16',0),(4108,'DR_334','2024-07-24 14:25:16',0),(4109,'WA_331','2024-07-24 14:25:16',0),(4110,'WA_332','2024-07-24 14:25:16',0),(4111,'WA_333','2024-07-24 14:25:16',0),(4112,'WA_334','2024-07-24 14:25:16',0),(4129,'PB_12','2024-07-24 14:25:18',1),(4130,'PB_34','2024-07-24 14:25:18',1),(4131,'PB_56','2024-07-24 14:25:18',1),(4132,'DR_211','2024-07-24 14:25:18',1),(4133,'DR_212','2024-07-24 14:25:18',1),(4134,'SW_21','2024-07-24 14:25:18',1),(4135,'SW_22','2024-07-24 14:25:18',1),(4136,'WA_211','2024-07-24 14:25:18',1),(4137,'WA_212','2024-07-24 14:25:18',1),(4138,'DR_221','2024-07-24 14:25:18',1),(4139,'DR_222','2024-07-24 14:25:18',1),(4140,'DR_223','2024-07-24 14:25:18',1),(4141,'WA_221','2024-07-24 14:25:18',1),(4142,'WA_222','2024-07-24 14:25:18',1),(4143,'WA_223','2024-07-24 14:25:18',1),(4144,'DR_231','2024-07-24 14:25:18',1),(4145,'DR_232','2024-07-24 14:25:18',1),(4146,'DR_233','2024-07-24 14:25:18',1),(4147,'WA_231','2024-07-24 14:25:18',1),(4148,'WA_232','2024-07-24 14:25:18',1),(4149,'WA_233','2024-07-24 14:25:18',1),(4150,'DR_311','2024-07-24 14:25:18',1),(4151,'DR_312','2024-07-24 14:25:18',1),(4152,'DR_313','2024-07-24 14:25:18',1),(4153,'DR_314','2024-07-24 14:25:18',1),(4154,'SW_31','2024-07-24 14:25:18',1),(4155,'SW_32','2024-07-24 14:25:18',1),(4156,'WA_311','2024-07-24 14:25:18',1),(4157,'WA_312','2024-07-24 14:25:18',1),(4158,'WA_313','2024-07-24 14:25:18',1),(4159,'WA_314','2024-07-24 14:25:18',1),(4160,'DR_321','2024-07-24 14:25:18',1),(4161,'DR_322','2024-07-24 14:25:18',1),(4162,'DR_323','2024-07-24 14:25:18',1),(4163,'DR_324','2024-07-24 14:25:18',1),(4164,'WA_321','2024-07-24 14:25:18',1),(4165,'WA_322','2024-07-24 14:25:18',1),(4166,'WA_323','2024-07-24 14:25:18',1),(4167,'WA_324','2024-07-24 14:25:18',1),(4168,'DR_331','2024-07-24 14:25:18',1),(4169,'DR_332','2024-07-24 14:25:18',1),(4170,'DR_333','2024-07-24 14:25:18',1),(4171,'DR_334','2024-07-24 14:25:18',1),(4172,'WA_331','2024-07-24 14:25:18',1),(4173,'WA_332','2024-07-24 14:25:18',1),(4174,'WA_333','2024-07-24 14:25:18',1),(4175,'WA_334','2024-07-24 14:25:18',1),(4192,'PB_12','2024-07-24 14:25:20',1),(4193,'PB_34','2024-07-24 14:25:20',1),(4194,'PB_56','2024-07-24 14:25:20',1),(4195,'DR_211','2024-07-24 14:25:20',1),(4196,'DR_212','2024-07-24 14:25:20',1),(4197,'SW_21','2024-07-24 14:25:20',1),(4198,'SW_22','2024-07-24 14:25:20',1),(4199,'WA_211','2024-07-24 14:25:20',1),(4200,'WA_212','2024-07-24 14:25:20',1),(4201,'DR_221','2024-07-24 14:25:20',1),(4202,'DR_222','2024-07-24 14:25:20',1),(4203,'DR_223','2024-07-24 14:25:20',1),(4204,'WA_221','2024-07-24 14:25:20',1),(4205,'WA_222','2024-07-24 14:25:20',1),(4206,'WA_223','2024-07-24 14:25:20',1),(4207,'DR_231','2024-07-24 14:25:20',1),(4208,'DR_232','2024-07-24 14:25:20',1),(4209,'DR_233','2024-07-24 14:25:20',1),(4210,'WA_231','2024-07-24 14:25:20',1),(4211,'WA_232','2024-07-24 14:25:20',1),(4212,'WA_233','2024-07-24 14:25:20',1),(4213,'DR_311','2024-07-24 14:25:20',1),(4214,'DR_312','2024-07-24 14:25:20',1),(4215,'DR_313','2024-07-24 14:25:20',1),(4216,'DR_314','2024-07-24 14:25:20',1),(4217,'SW_31','2024-07-24 14:25:20',1),(4218,'SW_32','2024-07-24 14:25:20',1),(4219,'WA_311','2024-07-24 14:25:20',1),(4220,'WA_312','2024-07-24 14:25:20',1),(4221,'WA_313','2024-07-24 14:25:20',1),(4222,'WA_314','2024-07-24 14:25:20',1),(4223,'DR_321','2024-07-24 14:25:20',1),(4224,'DR_322','2024-07-24 14:25:20',1),(4225,'DR_323','2024-07-24 14:25:20',1),(4226,'DR_324','2024-07-24 14:25:20',1),(4227,'WA_321','2024-07-24 14:25:20',1),(4228,'WA_322','2024-07-24 14:25:20',1),(4229,'WA_323','2024-07-24 14:25:20',1),(4230,'WA_324','2024-07-24 14:25:20',1),(4231,'DR_331','2024-07-24 14:25:20',1),(4232,'DR_332','2024-07-24 14:25:20',1),(4233,'DR_333','2024-07-24 14:25:20',1),(4234,'DR_334','2024-07-24 14:25:20',1),(4235,'WA_331','2024-07-24 14:25:20',1),(4236,'WA_332','2024-07-24 14:25:20',1),(4237,'WA_333','2024-07-24 14:25:20',1),(4238,'WA_334','2024-07-24 14:25:20',1),(4255,'PB_12','2024-07-24 14:25:22',0),(4256,'PB_34','2024-07-24 14:25:22',0),(4257,'PB_56','2024-07-24 14:25:22',0),(4258,'DR_211','2024-07-24 14:25:22',0),(4259,'DR_212','2024-07-24 14:25:22',0),(4260,'SW_21','2024-07-24 14:25:22',0),(4261,'SW_22','2024-07-24 14:25:22',0),(4262,'WA_211','2024-07-24 14:25:22',0),(4263,'WA_212','2024-07-24 14:25:22',0),(4264,'DR_221','2024-07-24 14:25:22',0),(4265,'DR_222','2024-07-24 14:25:22',0),(4266,'DR_223','2024-07-24 14:25:22',0),(4267,'WA_221','2024-07-24 14:25:22',0),(4268,'WA_222','2024-07-24 14:25:22',0),(4269,'WA_223','2024-07-24 14:25:22',0),(4270,'DR_231','2024-07-24 14:25:22',0),(4271,'DR_232','2024-07-24 14:25:22',0),(4272,'DR_233','2024-07-24 14:25:22',0),(4273,'WA_231','2024-07-24 14:25:22',0),(4274,'WA_232','2024-07-24 14:25:22',0),(4275,'WA_233','2024-07-24 14:25:22',0),(4276,'DR_311','2024-07-24 14:25:22',0),(4277,'DR_312','2024-07-24 14:25:22',0),(4278,'DR_313','2024-07-24 14:25:22',0),(4279,'DR_314','2024-07-24 14:25:22',0),(4280,'SW_31','2024-07-24 14:25:22',0),(4281,'SW_32','2024-07-24 14:25:22',0),(4282,'WA_311','2024-07-24 14:25:22',0),(4283,'WA_312','2024-07-24 14:25:22',0),(4284,'WA_313','2024-07-24 14:25:22',0),(4285,'WA_314','2024-07-24 14:25:22',0),(4286,'DR_321','2024-07-24 14:25:22',0),(4287,'DR_322','2024-07-24 14:25:22',0),(4288,'DR_323','2024-07-24 14:25:22',0),(4289,'DR_324','2024-07-24 14:25:22',0),(4290,'WA_321','2024-07-24 14:25:22',0),(4291,'WA_322','2024-07-24 14:25:22',0),(4292,'WA_323','2024-07-24 14:25:22',0),(4293,'WA_324','2024-07-24 14:25:22',0),(4294,'DR_331','2024-07-24 14:25:22',0),(4295,'DR_332','2024-07-24 14:25:22',0),(4296,'DR_333','2024-07-24 14:25:22',0),(4297,'DR_334','2024-07-24 14:25:22',0),(4298,'WA_331','2024-07-24 14:25:22',0),(4299,'WA_332','2024-07-24 14:25:22',0),(4300,'WA_333','2024-07-24 14:25:22',0),(4301,'WA_334','2024-07-24 14:25:22',0),(4318,'PB_12','2024-07-24 14:25:24',1),(4319,'PB_34','2024-07-24 14:25:24',1),(4320,'PB_56','2024-07-24 14:25:24',1),(4321,'DR_211','2024-07-24 14:25:24',1),(4322,'DR_212','2024-07-24 14:25:24',1),(4323,'SW_21','2024-07-24 14:25:24',1),(4324,'SW_22','2024-07-24 14:25:24',1),(4325,'WA_211','2024-07-24 14:25:24',1),(4326,'WA_212','2024-07-24 14:25:24',1),(4327,'DR_221','2024-07-24 14:25:24',1),(4328,'DR_222','2024-07-24 14:25:24',1),(4329,'DR_223','2024-07-24 14:25:24',1),(4330,'WA_221','2024-07-24 14:25:24',1),(4331,'WA_222','2024-07-24 14:25:24',1),(4332,'WA_223','2024-07-24 14:25:24',1),(4333,'DR_231','2024-07-24 14:25:24',1),(4334,'DR_232','2024-07-24 14:25:24',1),(4335,'DR_233','2024-07-24 14:25:24',1),(4336,'WA_231','2024-07-24 14:25:24',1),(4337,'WA_232','2024-07-24 14:25:24',1),(4338,'WA_233','2024-07-24 14:25:24',1),(4339,'DR_311','2024-07-24 14:25:24',1),(4340,'DR_312','2024-07-24 14:25:24',1),(4341,'DR_313','2024-07-24 14:25:24',1),(4342,'DR_314','2024-07-24 14:25:24',1),(4343,'SW_31','2024-07-24 14:25:24',1),(4344,'SW_32','2024-07-24 14:25:24',1),(4345,'WA_311','2024-07-24 14:25:24',1),(4346,'WA_312','2024-07-24 14:25:24',1),(4347,'WA_313','2024-07-24 14:25:24',1),(4348,'WA_314','2024-07-24 14:25:24',1),(4349,'DR_321','2024-07-24 14:25:24',1),(4350,'DR_322','2024-07-24 14:25:24',1),(4351,'DR_323','2024-07-24 14:25:24',1),(4352,'DR_324','2024-07-24 14:25:24',1),(4353,'WA_321','2024-07-24 14:25:24',1),(4354,'WA_322','2024-07-24 14:25:24',1),(4355,'WA_323','2024-07-24 14:25:24',1),(4356,'WA_324','2024-07-24 14:25:24',1),(4357,'DR_331','2024-07-24 14:25:24',1),(4358,'DR_332','2024-07-24 14:25:24',1),(4359,'DR_333','2024-07-24 14:25:24',1),(4360,'DR_334','2024-07-24 14:25:24',1),(4361,'WA_331','2024-07-24 14:25:24',1),(4362,'WA_332','2024-07-24 14:25:24',1),(4363,'WA_333','2024-07-24 14:25:24',1),(4364,'WA_334','2024-07-24 14:25:24',1),(4381,'PB_12','2024-07-24 14:25:26',0),(4382,'PB_34','2024-07-24 14:25:26',0),(4383,'PB_56','2024-07-24 14:25:26',0),(4384,'DR_211','2024-07-24 14:25:26',0),(4385,'DR_212','2024-07-24 14:25:26',0),(4386,'SW_21','2024-07-24 14:25:26',0),(4387,'SW_22','2024-07-24 14:25:26',0),(4388,'WA_211','2024-07-24 14:25:26',0),(4389,'WA_212','2024-07-24 14:25:26',0),(4390,'DR_221','2024-07-24 14:25:26',0),(4391,'DR_222','2024-07-24 14:25:26',0),(4392,'DR_223','2024-07-24 14:25:26',0),(4393,'WA_221','2024-07-24 14:25:26',0),(4394,'WA_222','2024-07-24 14:25:26',0),(4395,'WA_223','2024-07-24 14:25:26',0),(4396,'DR_231','2024-07-24 14:25:26',0),(4397,'DR_232','2024-07-24 14:25:26',0),(4398,'DR_233','2024-07-24 14:25:26',0),(4399,'WA_231','2024-07-24 14:25:26',0),(4400,'WA_232','2024-07-24 14:25:26',0),(4401,'WA_233','2024-07-24 14:25:26',0),(4402,'DR_311','2024-07-24 14:25:26',0),(4403,'DR_312','2024-07-24 14:25:26',0),(4404,'DR_313','2024-07-24 14:25:26',0),(4405,'DR_314','2024-07-24 14:25:26',0),(4406,'SW_31','2024-07-24 14:25:26',0),(4407,'SW_32','2024-07-24 14:25:26',0),(4408,'WA_311','2024-07-24 14:25:26',0),(4409,'WA_312','2024-07-24 14:25:26',0),(4410,'WA_313','2024-07-24 14:25:26',0),(4411,'WA_314','2024-07-24 14:25:26',0),(4412,'DR_321','2024-07-24 14:25:26',0),(4413,'DR_322','2024-07-24 14:25:26',0),(4414,'DR_323','2024-07-24 14:25:26',0),(4415,'DR_324','2024-07-24 14:25:26',0),(4416,'WA_321','2024-07-24 14:25:26',0),(4417,'WA_322','2024-07-24 14:25:26',0),(4418,'WA_323','2024-07-24 14:25:26',0),(4419,'WA_324','2024-07-24 14:25:26',0),(4420,'DR_331','2024-07-24 14:25:26',0),(4421,'DR_332','2024-07-24 14:25:26',0),(4422,'DR_333','2024-07-24 14:25:26',0),(4423,'DR_334','2024-07-24 14:25:26',0),(4424,'WA_331','2024-07-24 14:25:26',0),(4425,'WA_332','2024-07-24 14:25:26',0),(4426,'WA_333','2024-07-24 14:25:26',0),(4427,'WA_334','2024-07-24 14:25:26',0),(4444,'PB_12','2024-07-24 14:25:28',1),(4445,'PB_34','2024-07-24 14:25:28',1),(4446,'PB_56','2024-07-24 14:25:28',1),(4447,'DR_211','2024-07-24 14:25:28',1),(4448,'DR_212','2024-07-24 14:25:28',1),(4449,'SW_21','2024-07-24 14:25:28',1),(4450,'SW_22','2024-07-24 14:25:28',1),(4451,'WA_211','2024-07-24 14:25:28',1),(4452,'WA_212','2024-07-24 14:25:28',1),(4453,'DR_221','2024-07-24 14:25:28',1),(4454,'DR_222','2024-07-24 14:25:28',1),(4455,'DR_223','2024-07-24 14:25:28',1),(4456,'WA_221','2024-07-24 14:25:28',1),(4457,'WA_222','2024-07-24 14:25:28',1),(4458,'WA_223','2024-07-24 14:25:28',1),(4459,'DR_231','2024-07-24 14:25:28',1),(4460,'DR_232','2024-07-24 14:25:28',1),(4461,'DR_233','2024-07-24 14:25:28',1),(4462,'WA_231','2024-07-24 14:25:28',1),(4463,'WA_232','2024-07-24 14:25:28',1),(4464,'WA_233','2024-07-24 14:25:28',1),(4465,'DR_311','2024-07-24 14:25:28',1),(4466,'DR_312','2024-07-24 14:25:28',1),(4467,'DR_313','2024-07-24 14:25:28',1),(4468,'DR_314','2024-07-24 14:25:28',1),(4469,'SW_31','2024-07-24 14:25:28',1),(4470,'SW_32','2024-07-24 14:25:28',1),(4471,'WA_311','2024-07-24 14:25:28',1),(4472,'WA_312','2024-07-24 14:25:28',1),(4473,'WA_313','2024-07-24 14:25:28',1),(4474,'WA_314','2024-07-24 14:25:28',1),(4475,'DR_321','2024-07-24 14:25:28',1),(4476,'DR_322','2024-07-24 14:25:28',1),(4477,'DR_323','2024-07-24 14:25:28',1),(4478,'DR_324','2024-07-24 14:25:28',1),(4479,'WA_321','2024-07-24 14:25:28',1),(4480,'WA_322','2024-07-24 14:25:28',1),(4481,'WA_323','2024-07-24 14:25:28',1),(4482,'WA_324','2024-07-24 14:25:28',1),(4483,'DR_331','2024-07-24 14:25:28',1),(4484,'DR_332','2024-07-24 14:25:28',1),(4485,'DR_333','2024-07-24 14:25:28',1),(4486,'DR_334','2024-07-24 14:25:28',1),(4487,'WA_331','2024-07-24 14:25:28',1),(4488,'WA_332','2024-07-24 14:25:28',1),(4489,'WA_333','2024-07-24 14:25:28',1),(4490,'WA_334','2024-07-24 14:25:28',1),(4507,'PB_12','2024-07-24 14:25:31',0),(4508,'PB_34','2024-07-24 14:25:31',0),(4509,'PB_56','2024-07-24 14:25:31',0),(4510,'DR_211','2024-07-24 14:25:31',0),(4511,'DR_212','2024-07-24 14:25:31',0),(4512,'SW_21','2024-07-24 14:25:31',0),(4513,'SW_22','2024-07-24 14:25:31',0),(4514,'WA_211','2024-07-24 14:25:31',0),(4515,'WA_212','2024-07-24 14:25:31',0),(4516,'DR_221','2024-07-24 14:25:31',0),(4517,'DR_222','2024-07-24 14:25:31',0),(4518,'DR_223','2024-07-24 14:25:31',0),(4519,'WA_221','2024-07-24 14:25:31',0),(4520,'WA_222','2024-07-24 14:25:31',0),(4521,'WA_223','2024-07-24 14:25:31',0),(4522,'DR_231','2024-07-24 14:25:31',0),(4523,'DR_232','2024-07-24 14:25:31',0),(4524,'DR_233','2024-07-24 14:25:31',0),(4525,'WA_231','2024-07-24 14:25:31',0),(4526,'WA_232','2024-07-24 14:25:31',0),(4527,'WA_233','2024-07-24 14:25:31',0),(4528,'DR_311','2024-07-24 14:25:31',0),(4529,'DR_312','2024-07-24 14:25:31',0),(4530,'DR_313','2024-07-24 14:25:31',0),(4531,'DR_314','2024-07-24 14:25:31',0),(4532,'SW_31','2024-07-24 14:25:31',0),(4533,'SW_32','2024-07-24 14:25:31',0),(4534,'WA_311','2024-07-24 14:25:31',0),(4535,'WA_312','2024-07-24 14:25:31',0),(4536,'WA_313','2024-07-24 14:25:31',0),(4537,'WA_314','2024-07-24 14:25:31',0),(4538,'DR_321','2024-07-24 14:25:31',0),(4539,'DR_322','2024-07-24 14:25:31',0),(4540,'DR_323','2024-07-24 14:25:31',0),(4541,'DR_324','2024-07-24 14:25:31',0),(4542,'WA_321','2024-07-24 14:25:31',0),(4543,'WA_322','2024-07-24 14:25:31',0),(4544,'WA_323','2024-07-24 14:25:31',0),(4545,'WA_324','2024-07-24 14:25:31',0),(4546,'DR_331','2024-07-24 14:25:31',0),(4547,'DR_332','2024-07-24 14:25:31',0),(4548,'DR_333','2024-07-24 14:25:31',0),(4549,'DR_334','2024-07-24 14:25:31',0),(4550,'WA_331','2024-07-24 14:25:31',0),(4551,'WA_332','2024-07-24 14:25:31',0),(4552,'WA_333','2024-07-24 14:25:31',0),(4553,'WA_334','2024-07-24 14:25:31',0),(4570,'PB_12','2024-07-24 14:25:33',0),(4571,'PB_34','2024-07-24 14:25:33',0),(4572,'PB_56','2024-07-24 14:25:33',0),(4573,'DR_211','2024-07-24 14:25:33',0),(4574,'DR_212','2024-07-24 14:25:33',0),(4575,'SW_21','2024-07-24 14:25:33',0),(4576,'SW_22','2024-07-24 14:25:33',0),(4577,'WA_211','2024-07-24 14:25:33',0),(4578,'WA_212','2024-07-24 14:25:33',0),(4579,'DR_221','2024-07-24 14:25:33',0),(4580,'DR_222','2024-07-24 14:25:33',0),(4581,'DR_223','2024-07-24 14:25:33',0),(4582,'WA_221','2024-07-24 14:25:33',0),(4583,'WA_222','2024-07-24 14:25:33',0),(4584,'WA_223','2024-07-24 14:25:33',0),(4585,'DR_231','2024-07-24 14:25:33',0),(4586,'DR_232','2024-07-24 14:25:33',0),(4587,'DR_233','2024-07-24 14:25:33',0),(4588,'WA_231','2024-07-24 14:25:33',0),(4589,'WA_232','2024-07-24 14:25:33',0),(4590,'WA_233','2024-07-24 14:25:33',0),(4591,'DR_311','2024-07-24 14:25:33',0),(4592,'DR_312','2024-07-24 14:25:33',0),(4593,'DR_313','2024-07-24 14:25:33',0),(4594,'DR_314','2024-07-24 14:25:33',0),(4595,'SW_31','2024-07-24 14:25:33',0),(4596,'SW_32','2024-07-24 14:25:33',0),(4597,'WA_311','2024-07-24 14:25:33',0),(4598,'WA_312','2024-07-24 14:25:33',0),(4599,'WA_313','2024-07-24 14:25:33',0),(4600,'WA_314','2024-07-24 14:25:33',0),(4601,'DR_321','2024-07-24 14:25:33',0),(4602,'DR_322','2024-07-24 14:25:33',0),(4603,'DR_323','2024-07-24 14:25:33',0),(4604,'DR_324','2024-07-24 14:25:33',0),(4605,'WA_321','2024-07-24 14:25:33',0),(4606,'WA_322','2024-07-24 14:25:33',0),(4607,'WA_323','2024-07-24 14:25:33',0),(4608,'WA_324','2024-07-24 14:25:33',0),(4609,'DR_331','2024-07-24 14:25:33',0),(4610,'DR_332','2024-07-24 14:25:33',0),(4611,'DR_333','2024-07-24 14:25:33',0),(4612,'DR_334','2024-07-24 14:25:33',0),(4613,'WA_331','2024-07-24 14:25:33',0),(4614,'WA_332','2024-07-24 14:25:33',0),(4615,'WA_333','2024-07-24 14:25:33',0),(4616,'WA_334','2024-07-24 14:25:33',0),(4633,'PB_12','2024-07-24 14:25:34',1),(4634,'PB_34','2024-07-24 14:25:34',1),(4635,'PB_56','2024-07-24 14:25:34',1),(4636,'DR_211','2024-07-24 14:25:34',1),(4637,'DR_212','2024-07-24 14:25:34',1),(4638,'SW_21','2024-07-24 14:25:34',1),(4639,'SW_22','2024-07-24 14:25:34',1),(4640,'WA_211','2024-07-24 14:25:34',1),(4641,'WA_212','2024-07-24 14:25:34',1),(4642,'DR_221','2024-07-24 14:25:34',1),(4643,'DR_222','2024-07-24 14:25:34',1),(4644,'DR_223','2024-07-24 14:25:34',1),(4645,'WA_221','2024-07-24 14:25:34',1),(4646,'WA_222','2024-07-24 14:25:34',1),(4647,'WA_223','2024-07-24 14:25:34',1),(4648,'DR_231','2024-07-24 14:25:34',1),(4649,'DR_232','2024-07-24 14:25:34',1),(4650,'DR_233','2024-07-24 14:25:34',1),(4651,'WA_231','2024-07-24 14:25:34',1),(4652,'WA_232','2024-07-24 14:25:34',1),(4653,'WA_233','2024-07-24 14:25:34',1),(4654,'DR_311','2024-07-24 14:25:34',1),(4655,'DR_312','2024-07-24 14:25:34',1),(4656,'DR_313','2024-07-24 14:25:34',1),(4657,'DR_314','2024-07-24 14:25:34',1),(4658,'SW_31','2024-07-24 14:25:34',1),(4659,'SW_32','2024-07-24 14:25:34',1),(4660,'WA_311','2024-07-24 14:25:34',1),(4661,'WA_312','2024-07-24 14:25:34',1),(4662,'WA_313','2024-07-24 14:25:34',1),(4663,'WA_314','2024-07-24 14:25:34',1),(4664,'DR_321','2024-07-24 14:25:34',1),(4665,'DR_322','2024-07-24 14:25:34',1),(4666,'DR_323','2024-07-24 14:25:34',1),(4667,'DR_324','2024-07-24 14:25:34',1),(4668,'WA_321','2024-07-24 14:25:34',1),(4669,'WA_322','2024-07-24 14:25:34',1),(4670,'WA_323','2024-07-24 14:25:34',1),(4671,'WA_324','2024-07-24 14:25:34',1),(4672,'DR_331','2024-07-24 14:25:34',1),(4673,'DR_332','2024-07-24 14:25:34',1),(4674,'DR_333','2024-07-24 14:25:34',1),(4675,'DR_334','2024-07-24 14:25:34',1),(4676,'WA_331','2024-07-24 14:25:34',1),(4677,'WA_332','2024-07-24 14:25:34',1),(4678,'WA_333','2024-07-24 14:25:34',1),(4679,'WA_334','2024-07-24 14:25:34',1),(4696,'PB_12','2024-07-24 14:25:37',0),(4697,'PB_34','2024-07-24 14:25:37',0),(4698,'PB_56','2024-07-24 14:25:37',0),(4699,'DR_211','2024-07-24 14:25:37',0),(4700,'DR_212','2024-07-24 14:25:37',0),(4701,'SW_21','2024-07-24 14:25:37',0),(4702,'SW_22','2024-07-24 14:25:37',0),(4703,'WA_211','2024-07-24 14:25:37',0),(4704,'WA_212','2024-07-24 14:25:37',0),(4705,'DR_221','2024-07-24 14:25:37',0),(4706,'DR_222','2024-07-24 14:25:37',0),(4707,'DR_223','2024-07-24 14:25:37',0),(4708,'WA_221','2024-07-24 14:25:37',0),(4709,'WA_222','2024-07-24 14:25:37',0),(4710,'WA_223','2024-07-24 14:25:37',0),(4711,'DR_231','2024-07-24 14:25:37',0),(4712,'DR_232','2024-07-24 14:25:37',0),(4713,'DR_233','2024-07-24 14:25:37',0),(4714,'WA_231','2024-07-24 14:25:37',0),(4715,'WA_232','2024-07-24 14:25:37',0),(4716,'WA_233','2024-07-24 14:25:37',0),(4717,'DR_311','2024-07-24 14:25:37',0),(4718,'DR_312','2024-07-24 14:25:37',0),(4719,'DR_313','2024-07-24 14:25:37',0),(4720,'DR_314','2024-07-24 14:25:37',0),(4721,'SW_31','2024-07-24 14:25:37',0),(4722,'SW_32','2024-07-24 14:25:37',0),(4723,'WA_311','2024-07-24 14:25:37',0),(4724,'WA_312','2024-07-24 14:25:37',0),(4725,'WA_313','2024-07-24 14:25:37',0),(4726,'WA_314','2024-07-24 14:25:37',0),(4727,'DR_321','2024-07-24 14:25:37',0),(4728,'DR_322','2024-07-24 14:25:37',0),(4729,'DR_323','2024-07-24 14:25:37',0),(4730,'DR_324','2024-07-24 14:25:37',0),(4731,'WA_321','2024-07-24 14:25:37',0),(4732,'WA_322','2024-07-24 14:25:37',0),(4733,'WA_323','2024-07-24 14:25:37',0),(4734,'WA_324','2024-07-24 14:25:37',0),(4735,'DR_331','2024-07-24 14:25:37',0),(4736,'DR_332','2024-07-24 14:25:37',0),(4737,'DR_333','2024-07-24 14:25:37',0),(4738,'DR_334','2024-07-24 14:25:37',0),(4739,'WA_331','2024-07-24 14:25:37',0),(4740,'WA_332','2024-07-24 14:25:37',0),(4741,'WA_333','2024-07-24 14:25:37',0),(4742,'WA_334','2024-07-24 14:25:37',0),(4759,'PB_12','2024-07-24 14:25:40',0),(4760,'PB_34','2024-07-24 14:25:40',0),(4761,'PB_56','2024-07-24 14:25:40',0),(4762,'DR_211','2024-07-24 14:25:40',0),(4763,'DR_212','2024-07-24 14:25:40',0),(4764,'SW_21','2024-07-24 14:25:40',0),(4765,'SW_22','2024-07-24 14:25:40',0),(4766,'WA_211','2024-07-24 14:25:40',0),(4767,'WA_212','2024-07-24 14:25:40',0),(4768,'DR_221','2024-07-24 14:25:40',0),(4769,'DR_222','2024-07-24 14:25:40',0),(4770,'DR_223','2024-07-24 14:25:40',0),(4771,'WA_221','2024-07-24 14:25:40',0),(4772,'WA_222','2024-07-24 14:25:40',0),(4773,'WA_223','2024-07-24 14:25:40',0),(4774,'DR_231','2024-07-24 14:25:40',0),(4775,'DR_232','2024-07-24 14:25:40',0),(4776,'DR_233','2024-07-24 14:25:40',0),(4777,'WA_231','2024-07-24 14:25:40',0),(4778,'WA_232','2024-07-24 14:25:40',0),(4779,'WA_233','2024-07-24 14:25:40',0),(4780,'DR_311','2024-07-24 14:25:40',0),(4781,'DR_312','2024-07-24 14:25:40',0),(4782,'DR_313','2024-07-24 14:25:40',0),(4783,'DR_314','2024-07-24 14:25:40',0),(4784,'SW_31','2024-07-24 14:25:40',0),(4785,'SW_32','2024-07-24 14:25:40',0),(4786,'WA_311','2024-07-24 14:25:40',0),(4787,'WA_312','2024-07-24 14:25:40',0),(4788,'WA_313','2024-07-24 14:25:40',0),(4789,'WA_314','2024-07-24 14:25:40',0),(4790,'DR_321','2024-07-24 14:25:40',0),(4791,'DR_322','2024-07-24 14:25:40',0),(4792,'DR_323','2024-07-24 14:25:40',0),(4793,'DR_324','2024-07-24 14:25:40',0),(4794,'WA_321','2024-07-24 14:25:40',0),(4795,'WA_322','2024-07-24 14:25:40',0),(4796,'WA_323','2024-07-24 14:25:40',0),(4797,'WA_324','2024-07-24 14:25:40',0),(4798,'DR_331','2024-07-24 14:25:40',0),(4799,'DR_332','2024-07-24 14:25:40',0),(4800,'DR_333','2024-07-24 14:25:40',0),(4801,'DR_334','2024-07-24 14:25:40',0),(4802,'WA_331','2024-07-24 14:25:40',0),(4803,'WA_332','2024-07-24 14:25:40',0),(4804,'WA_333','2024-07-24 14:25:40',0),(4805,'WA_334','2024-07-24 14:25:40',0),(4822,'PB_12','2024-07-24 14:25:42',1),(4823,'PB_34','2024-07-24 14:25:42',1),(4824,'PB_56','2024-07-24 14:25:42',1),(4825,'DR_211','2024-07-24 14:25:42',1),(4826,'DR_212','2024-07-24 14:25:42',1),(4827,'SW_21','2024-07-24 14:25:42',1),(4828,'SW_22','2024-07-24 14:25:42',1),(4829,'WA_211','2024-07-24 14:25:42',1),(4830,'WA_212','2024-07-24 14:25:42',1),(4831,'DR_221','2024-07-24 14:25:42',1),(4832,'DR_222','2024-07-24 14:25:42',1),(4833,'DR_223','2024-07-24 14:25:42',1),(4834,'WA_221','2024-07-24 14:25:42',1),(4835,'WA_222','2024-07-24 14:25:42',1),(4836,'WA_223','2024-07-24 14:25:42',1),(4837,'DR_231','2024-07-24 14:25:42',1),(4838,'DR_232','2024-07-24 14:25:42',1),(4839,'DR_233','2024-07-24 14:25:42',1),(4840,'WA_231','2024-07-24 14:25:42',1),(4841,'WA_232','2024-07-24 14:25:42',1),(4842,'WA_233','2024-07-24 14:25:42',1),(4843,'DR_311','2024-07-24 14:25:42',1),(4844,'DR_312','2024-07-24 14:25:42',1),(4845,'DR_313','2024-07-24 14:25:42',1),(4846,'DR_314','2024-07-24 14:25:42',1),(4847,'SW_31','2024-07-24 14:25:42',1),(4848,'SW_32','2024-07-24 14:25:42',1),(4849,'WA_311','2024-07-24 14:25:42',1),(4850,'WA_312','2024-07-24 14:25:42',1),(4851,'WA_313','2024-07-24 14:25:42',1),(4852,'WA_314','2024-07-24 14:25:42',1),(4853,'DR_321','2024-07-24 14:25:42',1),(4854,'DR_322','2024-07-24 14:25:42',1),(4855,'DR_323','2024-07-24 14:25:42',1),(4856,'DR_324','2024-07-24 14:25:42',1),(4857,'WA_321','2024-07-24 14:25:42',1),(4858,'WA_322','2024-07-24 14:25:42',1),(4859,'WA_323','2024-07-24 14:25:42',1),(4860,'WA_324','2024-07-24 14:25:42',1),(4861,'DR_331','2024-07-24 14:25:42',1),(4862,'DR_332','2024-07-24 14:25:42',1),(4863,'DR_333','2024-07-24 14:25:42',1),(4864,'DR_334','2024-07-24 14:25:42',1),(4865,'WA_331','2024-07-24 14:25:42',1),(4866,'WA_332','2024-07-24 14:25:42',1),(4867,'WA_333','2024-07-24 14:25:42',1),(4868,'WA_334','2024-07-24 14:25:42',1),(4885,'PB_12','2024-07-24 14:25:44',1),(4886,'PB_34','2024-07-24 14:25:44',1),(4887,'PB_56','2024-07-24 14:25:44',1),(4888,'DR_211','2024-07-24 14:25:44',1),(4889,'DR_212','2024-07-24 14:25:44',1),(4890,'SW_21','2024-07-24 14:25:44',1),(4891,'SW_22','2024-07-24 14:25:44',1),(4892,'WA_211','2024-07-24 14:25:44',1),(4893,'WA_212','2024-07-24 14:25:44',1),(4894,'DR_221','2024-07-24 14:25:44',1),(4895,'DR_222','2024-07-24 14:25:44',1),(4896,'DR_223','2024-07-24 14:25:44',1),(4897,'WA_221','2024-07-24 14:25:44',1),(4898,'WA_222','2024-07-24 14:25:44',1),(4899,'WA_223','2024-07-24 14:25:44',1),(4900,'DR_231','2024-07-24 14:25:44',1),(4901,'DR_232','2024-07-24 14:25:44',1),(4902,'DR_233','2024-07-24 14:25:44',1),(4903,'WA_231','2024-07-24 14:25:44',1),(4904,'WA_232','2024-07-24 14:25:44',1),(4905,'WA_233','2024-07-24 14:25:44',1),(4906,'DR_311','2024-07-24 14:25:44',1),(4907,'DR_312','2024-07-24 14:25:44',1),(4908,'DR_313','2024-07-24 14:25:44',1),(4909,'DR_314','2024-07-24 14:25:44',1),(4910,'SW_31','2024-07-24 14:25:44',1),(4911,'SW_32','2024-07-24 14:25:44',1),(4912,'WA_311','2024-07-24 14:25:44',1),(4913,'WA_312','2024-07-24 14:25:44',1),(4914,'WA_313','2024-07-24 14:25:44',1),(4915,'WA_314','2024-07-24 14:25:44',1),(4916,'DR_321','2024-07-24 14:25:44',1),(4917,'DR_322','2024-07-24 14:25:44',1),(4918,'DR_323','2024-07-24 14:25:44',1),(4919,'DR_324','2024-07-24 14:25:44',1),(4920,'WA_321','2024-07-24 14:25:44',1),(4921,'WA_322','2024-07-24 14:25:44',1),(4922,'WA_323','2024-07-24 14:25:44',1),(4923,'WA_324','2024-07-24 14:25:44',1),(4924,'DR_331','2024-07-24 14:25:44',1),(4925,'DR_332','2024-07-24 14:25:44',1),(4926,'DR_333','2024-07-24 14:25:44',1),(4927,'DR_334','2024-07-24 14:25:44',1),(4928,'WA_331','2024-07-24 14:25:44',1),(4929,'WA_332','2024-07-24 14:25:44',1),(4930,'WA_333','2024-07-24 14:25:44',1),(4931,'WA_334','2024-07-24 14:25:44',1),(4948,'PB_12','2024-07-24 14:25:45',1),(4949,'PB_34','2024-07-24 14:25:45',1),(4950,'PB_56','2024-07-24 14:25:45',1),(4951,'DR_211','2024-07-24 14:25:45',1),(4952,'DR_212','2024-07-24 14:25:45',1),(4953,'SW_21','2024-07-24 14:25:45',1),(4954,'SW_22','2024-07-24 14:25:45',1),(4955,'WA_211','2024-07-24 14:25:45',1),(4956,'WA_212','2024-07-24 14:25:45',1),(4957,'DR_221','2024-07-24 14:25:45',1),(4958,'DR_222','2024-07-24 14:25:45',1),(4959,'DR_223','2024-07-24 14:25:45',1),(4960,'WA_221','2024-07-24 14:25:45',1),(4961,'WA_222','2024-07-24 14:25:45',1),(4962,'WA_223','2024-07-24 14:25:45',1),(4963,'DR_231','2024-07-24 14:25:45',1),(4964,'DR_232','2024-07-24 14:25:45',1),(4965,'DR_233','2024-07-24 14:25:45',1),(4966,'WA_231','2024-07-24 14:25:45',1),(4967,'WA_232','2024-07-24 14:25:45',1),(4968,'WA_233','2024-07-24 14:25:45',1),(4969,'DR_311','2024-07-24 14:25:45',1),(4970,'DR_312','2024-07-24 14:25:45',1),(4971,'DR_313','2024-07-24 14:25:45',1),(4972,'DR_314','2024-07-24 14:25:45',1),(4973,'SW_31','2024-07-24 14:25:45',1),(4974,'SW_32','2024-07-24 14:25:45',1),(4975,'WA_311','2024-07-24 14:25:45',1),(4976,'WA_312','2024-07-24 14:25:45',1),(4977,'WA_313','2024-07-24 14:25:45',1),(4978,'WA_314','2024-07-24 14:25:45',1),(4979,'DR_321','2024-07-24 14:25:45',1),(4980,'DR_322','2024-07-24 14:25:45',1),(4981,'DR_323','2024-07-24 14:25:45',1),(4982,'DR_324','2024-07-24 14:25:45',1),(4983,'WA_321','2024-07-24 14:25:45',1),(4984,'WA_322','2024-07-24 14:25:45',1),(4985,'WA_323','2024-07-24 14:25:45',1),(4986,'WA_324','2024-07-24 14:25:45',1),(4987,'DR_331','2024-07-24 14:25:45',1),(4988,'DR_332','2024-07-24 14:25:45',1),(4989,'DR_333','2024-07-24 14:25:45',1),(4990,'DR_334','2024-07-24 14:25:45',1),(4991,'WA_331','2024-07-24 14:25:45',1),(4992,'WA_332','2024-07-24 14:25:45',1),(4993,'WA_333','2024-07-24 14:25:45',1),(4994,'WA_334','2024-07-24 14:25:45',1),(5011,'PB_12','2024-07-24 14:25:51',1),(5012,'PB_34','2024-07-24 14:25:51',1),(5013,'PB_56','2024-07-24 14:25:51',1),(5014,'DR_211','2024-07-24 14:25:51',1),(5015,'DR_212','2024-07-24 14:25:51',1),(5016,'SW_21','2024-07-24 14:25:51',1),(5017,'SW_22','2024-07-24 14:25:51',1),(5018,'WA_211','2024-07-24 14:25:51',1),(5019,'WA_212','2024-07-24 14:25:51',1),(5020,'DR_221','2024-07-24 14:25:51',1),(5021,'DR_222','2024-07-24 14:25:51',1),(5022,'DR_223','2024-07-24 14:25:51',1),(5023,'WA_221','2024-07-24 14:25:51',1),(5024,'WA_222','2024-07-24 14:25:51',1),(5025,'WA_223','2024-07-24 14:25:51',1),(5026,'DR_231','2024-07-24 14:25:51',1),(5027,'DR_232','2024-07-24 14:25:51',1),(5028,'DR_233','2024-07-24 14:25:51',1),(5029,'WA_231','2024-07-24 14:25:51',1),(5030,'WA_232','2024-07-24 14:25:51',1),(5031,'WA_233','2024-07-24 14:25:51',1),(5032,'DR_311','2024-07-24 14:25:51',1),(5033,'DR_312','2024-07-24 14:25:51',1),(5034,'DR_313','2024-07-24 14:25:51',1),(5035,'DR_314','2024-07-24 14:25:51',1),(5036,'SW_31','2024-07-24 14:25:51',1),(5037,'SW_32','2024-07-24 14:25:51',1),(5038,'WA_311','2024-07-24 14:25:51',1),(5039,'WA_312','2024-07-24 14:25:51',1),(5040,'WA_313','2024-07-24 14:25:51',1),(5041,'WA_314','2024-07-24 14:25:51',1),(5042,'DR_321','2024-07-24 14:25:51',1),(5043,'DR_322','2024-07-24 14:25:51',1),(5044,'DR_323','2024-07-24 14:25:51',1),(5045,'DR_324','2024-07-24 14:25:51',1),(5046,'WA_321','2024-07-24 14:25:51',1),(5047,'WA_322','2024-07-24 14:25:51',1),(5048,'WA_323','2024-07-24 14:25:51',1),(5049,'WA_324','2024-07-24 14:25:51',1),(5050,'DR_331','2024-07-24 14:25:51',1),(5051,'DR_332','2024-07-24 14:25:51',1),(5052,'DR_333','2024-07-24 14:25:51',1),(5053,'DR_334','2024-07-24 14:25:51',1),(5054,'WA_331','2024-07-24 14:25:51',1),(5055,'WA_332','2024-07-24 14:25:51',1),(5056,'WA_333','2024-07-24 14:25:51',1),(5057,'WA_334','2024-07-24 14:25:51',1),(5074,'PB_12','2024-07-24 14:25:53',1),(5075,'PB_34','2024-07-24 14:25:53',1),(5076,'PB_56','2024-07-24 14:25:53',1),(5077,'DR_211','2024-07-24 14:25:53',1),(5078,'DR_212','2024-07-24 14:25:53',1),(5079,'SW_21','2024-07-24 14:25:53',1),(5080,'SW_22','2024-07-24 14:25:53',1),(5081,'WA_211','2024-07-24 14:25:53',1),(5082,'WA_212','2024-07-24 14:25:53',1),(5083,'DR_221','2024-07-24 14:25:53',1),(5084,'DR_222','2024-07-24 14:25:53',1),(5085,'DR_223','2024-07-24 14:25:53',1),(5086,'WA_221','2024-07-24 14:25:53',1),(5087,'WA_222','2024-07-24 14:25:53',1),(5088,'WA_223','2024-07-24 14:25:53',1),(5089,'DR_231','2024-07-24 14:25:53',1),(5090,'DR_232','2024-07-24 14:25:53',1),(5091,'DR_233','2024-07-24 14:25:53',1),(5092,'WA_231','2024-07-24 14:25:53',1),(5093,'WA_232','2024-07-24 14:25:53',1),(5094,'WA_233','2024-07-24 14:25:53',1),(5095,'DR_311','2024-07-24 14:25:53',1),(5096,'DR_312','2024-07-24 14:25:53',1),(5097,'DR_313','2024-07-24 14:25:53',1),(5098,'DR_314','2024-07-24 14:25:53',1),(5099,'SW_31','2024-07-24 14:25:53',1),(5100,'SW_32','2024-07-24 14:25:53',1),(5101,'WA_311','2024-07-24 14:25:53',1),(5102,'WA_312','2024-07-24 14:25:53',1),(5103,'WA_313','2024-07-24 14:25:53',1),(5104,'WA_314','2024-07-24 14:25:53',1),(5105,'DR_321','2024-07-24 14:25:53',1),(5106,'DR_322','2024-07-24 14:25:53',1),(5107,'DR_323','2024-07-24 14:25:53',1),(5108,'DR_324','2024-07-24 14:25:53',1),(5109,'WA_321','2024-07-24 14:25:53',1),(5110,'WA_322','2024-07-24 14:25:53',1),(5111,'WA_323','2024-07-24 14:25:53',1),(5112,'WA_324','2024-07-24 14:25:53',1),(5113,'DR_331','2024-07-24 14:25:53',1),(5114,'DR_332','2024-07-24 14:25:53',1),(5115,'DR_333','2024-07-24 14:25:53',1),(5116,'DR_334','2024-07-24 14:25:53',1),(5117,'WA_331','2024-07-24 14:25:53',1),(5118,'WA_332','2024-07-24 14:25:53',1),(5119,'WA_333','2024-07-24 14:25:53',1),(5120,'WA_334','2024-07-24 14:25:53',1),(5137,'PB_12','2024-07-24 14:25:55',1),(5138,'PB_34','2024-07-24 14:25:55',1),(5139,'PB_56','2024-07-24 14:25:55',1),(5140,'DR_211','2024-07-24 14:25:55',1),(5141,'DR_212','2024-07-24 14:25:55',1),(5142,'SW_21','2024-07-24 14:25:55',1),(5143,'SW_22','2024-07-24 14:25:55',1),(5144,'WA_211','2024-07-24 14:25:55',1),(5145,'WA_212','2024-07-24 14:25:55',1),(5146,'DR_221','2024-07-24 14:25:55',1),(5147,'DR_222','2024-07-24 14:25:55',1),(5148,'DR_223','2024-07-24 14:25:55',1),(5149,'WA_221','2024-07-24 14:25:55',1),(5150,'WA_222','2024-07-24 14:25:55',1),(5151,'WA_223','2024-07-24 14:25:55',1),(5152,'DR_231','2024-07-24 14:25:55',1),(5153,'DR_232','2024-07-24 14:25:55',1),(5154,'DR_233','2024-07-24 14:25:55',1),(5155,'WA_231','2024-07-24 14:25:55',1),(5156,'WA_232','2024-07-24 14:25:55',1),(5157,'WA_233','2024-07-24 14:25:55',1),(5158,'DR_311','2024-07-24 14:25:55',1),(5159,'DR_312','2024-07-24 14:25:55',1),(5160,'DR_313','2024-07-24 14:25:55',1),(5161,'DR_314','2024-07-24 14:25:55',1),(5162,'SW_31','2024-07-24 14:25:55',1),(5163,'SW_32','2024-07-24 14:25:55',1),(5164,'WA_311','2024-07-24 14:25:55',1),(5165,'WA_312','2024-07-24 14:25:55',1),(5166,'WA_313','2024-07-24 14:25:55',1),(5167,'WA_314','2024-07-24 14:25:55',1),(5168,'DR_321','2024-07-24 14:25:55',1),(5169,'DR_322','2024-07-24 14:25:55',1),(5170,'DR_323','2024-07-24 14:25:55',1),(5171,'DR_324','2024-07-24 14:25:55',1),(5172,'WA_321','2024-07-24 14:25:55',1),(5173,'WA_322','2024-07-24 14:25:55',1),(5174,'WA_323','2024-07-24 14:25:55',1),(5175,'WA_324','2024-07-24 14:25:55',1),(5176,'DR_331','2024-07-24 14:25:55',1),(5177,'DR_332','2024-07-24 14:25:55',1),(5178,'DR_333','2024-07-24 14:25:55',1),(5179,'DR_334','2024-07-24 14:25:55',1),(5180,'WA_331','2024-07-24 14:25:55',1),(5181,'WA_332','2024-07-24 14:25:55',1),(5182,'WA_333','2024-07-24 14:25:55',1),(5183,'WA_334','2024-07-24 14:25:55',1),(5200,'PB_12','2024-07-24 14:25:57',1),(5201,'PB_34','2024-07-24 14:25:57',1),(5202,'PB_56','2024-07-24 14:25:57',1),(5203,'DR_211','2024-07-24 14:25:57',1),(5204,'DR_212','2024-07-24 14:25:57',1),(5205,'SW_21','2024-07-24 14:25:57',1),(5206,'SW_22','2024-07-24 14:25:57',1),(5207,'WA_211','2024-07-24 14:25:57',1),(5208,'WA_212','2024-07-24 14:25:57',1),(5209,'DR_221','2024-07-24 14:25:57',1),(5210,'DR_222','2024-07-24 14:25:57',1),(5211,'DR_223','2024-07-24 14:25:57',1),(5212,'WA_221','2024-07-24 14:25:57',1),(5213,'WA_222','2024-07-24 14:25:57',1),(5214,'WA_223','2024-07-24 14:25:57',1),(5215,'DR_231','2024-07-24 14:25:57',1),(5216,'DR_232','2024-07-24 14:25:57',1),(5217,'DR_233','2024-07-24 14:25:57',1),(5218,'WA_231','2024-07-24 14:25:57',1),(5219,'WA_232','2024-07-24 14:25:57',1),(5220,'WA_233','2024-07-24 14:25:57',1),(5221,'DR_311','2024-07-24 14:25:57',1),(5222,'DR_312','2024-07-24 14:25:57',1),(5223,'DR_313','2024-07-24 14:25:57',1),(5224,'DR_314','2024-07-24 14:25:57',1),(5225,'SW_31','2024-07-24 14:25:57',1),(5226,'SW_32','2024-07-24 14:25:57',1),(5227,'WA_311','2024-07-24 14:25:57',1),(5228,'WA_312','2024-07-24 14:25:57',1),(5229,'WA_313','2024-07-24 14:25:57',1),(5230,'WA_314','2024-07-24 14:25:57',1),(5231,'DR_321','2024-07-24 14:25:57',1),(5232,'DR_322','2024-07-24 14:25:57',1),(5233,'DR_323','2024-07-24 14:25:57',1),(5234,'DR_324','2024-07-24 14:25:57',1),(5235,'WA_321','2024-07-24 14:25:57',1),(5236,'WA_322','2024-07-24 14:25:57',1),(5237,'WA_323','2024-07-24 14:25:57',1),(5238,'WA_324','2024-07-24 14:25:57',1),(5239,'DR_331','2024-07-24 14:25:57',1),(5240,'DR_332','2024-07-24 14:25:57',1),(5241,'DR_333','2024-07-24 14:25:57',1),(5242,'DR_334','2024-07-24 14:25:57',1),(5243,'WA_331','2024-07-24 14:25:57',1),(5244,'WA_332','2024-07-24 14:25:57',1),(5245,'WA_333','2024-07-24 14:25:57',1),(5246,'WA_334','2024-07-24 14:25:57',1),(5247,'WA_322','2024-07-26 02:27:49',1),(5248,'WA_322','2024-07-26 02:27:58',0);
/*!40000 ALTER TABLE `IoTData` ENABLE KEYS */;
UNLOCK TABLES;

--
-- Table structure for table `IoTType`
--

DROP TABLE IF EXISTS `IoTType`;
/*!40101 SET @saved_cs_client     = @@character_set_client */;
/*!50503 SET character_set_client = utf8mb4 */;
CREATE TABLE `IoTType` (
  `IoTTypeID` tinyint unsigned NOT NULL,
  `type` varchar(2) NOT NULL,
  PRIMARY KEY (`IoTTypeID`),
  UNIQUE KEY `type` (`type`)
) ENGINE=InnoDB DEFAULT CHARSET=utf8mb4 COLLATE=utf8mb4_0900_ai_ci;
/*!40101 SET character_set_client = @saved_cs_client */;

--
-- Dumping data for table `IoTType`
--

LOCK TABLES `IoTType` WRITE;
/*!40000 ALTER TABLE `IoTType` DISABLE KEYS */;
INSERT INTO `IoTType` VALUES (2,'DR'),(4,'PB'),(3,'SW'),(1,'WA');
/*!40000 ALTER TABLE `IoTType` ENABLE KEYS */;
UNLOCK TABLES;

--
-- Temporary view structure for view `latest_dashboard`
--

DROP TABLE IF EXISTS `latest_dashboard`;
/*!50001 DROP VIEW IF EXISTS `latest_dashboard`*/;
SET @saved_cs_client     = @@character_set_client;
/*!50503 SET character_set_client = utf8mb4 */;
/*!50001 CREATE VIEW `latest_dashboard` AS SELECT 
 1 AS `ID`,
 1 AS `stat`,
 1 AS `place`,
 1 AS `num`,
 1 AS `time`*/;
SET character_set_client = @saved_cs_client;

--
-- Temporary view structure for view `send_iot_info`
--

DROP TABLE IF EXISTS `send_iot_info`;
/*!50001 DROP VIEW IF EXISTS `send_iot_info`*/;
SET @saved_cs_client     = @@character_set_client;
/*!50503 SET character_set_client = utf8mb4 */;
/*!50001 CREATE VIEW `send_iot_info` AS SELECT 
 1 AS `sendIoTID`,
 1 AS `sendIoTIP`,
 1 AS `IoTID`*/;
SET character_set_client = @saved_cs_client;

--
-- Table structure for table `sendIoTDevices`
--

DROP TABLE IF EXISTS `sendIoTDevices`;
/*!40101 SET @saved_cs_client     = @@character_set_client */;
/*!50503 SET character_set_client = utf8mb4 */;
CREATE TABLE `sendIoTDevices` (
  `sendIoTDevicesID` varchar(8) NOT NULL,
  `IP` varchar(32) NOT NULL,
  `mac` varchar(32) NOT NULL,
  PRIMARY KEY (`sendIoTDevicesID`),
  UNIQUE KEY `IP` (`IP`),
  UNIQUE KEY `mac` (`mac`)
) ENGINE=InnoDB DEFAULT CHARSET=utf8mb4 COLLATE=utf8mb4_0900_ai_ci;
/*!40101 SET character_set_client = @saved_cs_client */;

--
-- Dumping data for table `sendIoTDevices`
--

LOCK TABLES `sendIoTDevices` WRITE;
/*!40000 ALTER TABLE `sendIoTDevices` DISABLE KEYS */;
INSERT INTO `sendIoTDevices` VALUES ('WD_000','127.0.0.1','00:00:00:00'),('WD_311','172.17.127.8','E8:9F:6D:08:98:26');
/*!40000 ALTER TABLE `sendIoTDevices` ENABLE KEYS */;
UNLOCK TABLES;

--
-- Final view structure for view `latest_dashboard`
--

/*!50001 DROP VIEW IF EXISTS `latest_dashboard`*/;
/*!50001 SET @saved_cs_client          = @@character_set_client */;
/*!50001 SET @saved_cs_results         = @@character_set_results */;
/*!50001 SET @saved_col_connection     = @@collation_connection */;
/*!50001 SET character_set_client      = utf8mb4 */;
/*!50001 SET character_set_results     = utf8mb4 */;
/*!50001 SET collation_connection      = utf8mb4_0900_ai_ci */;
/*!50001 CREATE ALGORITHM=UNDEFINED */
/*!50013 DEFINER=`only1`@`localhost` SQL SECURITY DEFINER */
/*!50001 VIEW `latest_dashboard` AS select `T1`.`IoTID` AS `ID`,`T1`.`dataStatus` AS `stat`,`T4`.`place` AS `place`,`T3`.`No` AS `num`,`T1`.`time` AS `time` from (((`iotdata` `T1` join (select `ST1`.`IoTID` AS `IoTID`,max(`ST1`.`time`) AS `time` from `iotdata` `ST1` group by `ST1`.`IoTID`) `T2` on((`T1`.`IoTID` = `t2`.`IoTID`))) join `iot` `T3` on((`T1`.`IoTID` = `T3`.`IoTID`))) left join `dormitoryplace` `T4` on((`T3`.`dormitoryPlaceID` = `T4`.`dormitoryPlaceID`))) */;
/*!50001 SET character_set_client      = @saved_cs_client */;
/*!50001 SET character_set_results     = @saved_cs_results */;
/*!50001 SET collation_connection      = @saved_col_connection */;

--
-- Final view structure for view `send_iot_info`
--

/*!50001 DROP VIEW IF EXISTS `send_iot_info`*/;
/*!50001 SET @saved_cs_client          = @@character_set_client */;
/*!50001 SET @saved_cs_results         = @@character_set_results */;
/*!50001 SET @saved_col_connection     = @@collation_connection */;
/*!50001 SET character_set_client      = utf8mb4 */;
/*!50001 SET character_set_results     = utf8mb4 */;
/*!50001 SET collation_connection      = utf8mb4_0900_ai_ci */;
/*!50001 CREATE ALGORITHM=UNDEFINED */
/*!50013 DEFINER=`only1`@`localhost` SQL SECURITY DEFINER */
/*!50001 VIEW `send_iot_info` AS select `T2`.`sendIoTDevicesID` AS `sendIoTID`,`T2`.`IP` AS `sendIoTIP`,`T1`.`IoTID` AS `IoTID` from (`iot` `T1` join `sendiotdevices` `T2` on((`T1`.`sendIoTDevicesID` = `T2`.`sendIoTDevicesID`))) */;
/*!50001 SET character_set_client      = @saved_cs_client */;
/*!50001 SET character_set_results     = @saved_cs_results */;
/*!50001 SET collation_connection      = @saved_col_connection */;
/*!40103 SET TIME_ZONE=@OLD_TIME_ZONE */;

/*!40101 SET SQL_MODE=@OLD_SQL_MODE */;
/*!40014 SET FOREIGN_KEY_CHECKS=@OLD_FOREIGN_KEY_CHECKS */;
/*!40014 SET UNIQUE_CHECKS=@OLD_UNIQUE_CHECKS */;
/*!40101 SET CHARACTER_SET_CLIENT=@OLD_CHARACTER_SET_CLIENT */;
/*!40101 SET CHARACTER_SET_RESULTS=@OLD_CHARACTER_SET_RESULTS */;
/*!40101 SET COLLATION_CONNECTION=@OLD_COLLATION_CONNECTION */;
/*!40111 SET SQL_NOTES=@OLD_SQL_NOTES */;

-- Dump completed on 2024-07-26 16:28:34
