INSERT INTO `IoT_IP`(`IoTID`, `IoTIP`) VALUES
('PB_12', 'ip0'), ('PB_34', 'ip1'), ('PB_56', 'ip2'), ('SW_21', 'ip3'), ('SW_22', 'ip4'), ('SW_31', 'ip5'),
('SW_32', 'ip6'), ('WA_211', 'ip7'), ('WA_212', 'ip8'), ('WA_221', 'ip9'), ('WA_222', 'ip10'),
('WA_223', 'ip11'), ('WA_231', 'ip12'), ('WA_232', 'ip13'), ('WA_233', 'ip14'), ('WA_311', 'ip15'),
('WA_312', 'ip16'), ('WA_313', 'ip17'), ('WA_314', 'ip18'), ('WA_321', 'ip19'),
('WA_322', 'ip20'), ('WA_323', 'ip21'), ('WA_324', 'ip22'), ('WA_331', 'ip23'),
('WA_332', 'ip24'), ('WA_333', 'ip25'), ('WA_334', 'ip26'), ('DR_211', 'ip27'),
('DR_212', 'ip28'), ('DR_221', 'ip29'), ('DR_222', 'ip30'), ('DR_223', 'ip31'),
('DR_231', 'ip32'), ('DR_232', 'ip33'), ('DR_233', 'ip34'), ('DR_311', 'ip35'),
('DR_312', 'ip36'), ('DR_313', 'ip37'), ('DR_314', 'ip38'), ('DR_321', 'ip39'),
('DR_322', 'ip40'), ('DR_323', 'ip41'), ('DR_324', 'ip42'), ('DR_331', 'ip43'),
('DR_332', 'ip44'), ('DR_333', 'ip45'), ('DR_334', 'ip46');

/* test */
INSERT INTO `IoT_Data`(`IoTID`, `dataStatus`) VALUES
('PB_12', 0), ('PB_34', 0), ('PB_56', 0), ('SW_21', 0), ('SW_22', 0), ('SW_31', 0),
('SW_32', 0), ('WA_211', 0), ('WA_212', 0), ('WA_221', 0), ('WA_222', 0),
('WA_223', 0), ('WA_231', 0), ('WA_232', 0), ('WA_233', 0), ('WA_311', 0),
('WA_312', 0), ('WA_313', 0), ('WA_314', 0), ('WA_321', 0),
('WA_322', 0), ('WA_323', 0), ('WA_324', 0), ('WA_331', 0),
('WA_332', 0), ('WA_333', 0), ('WA_334', 0), ('DR_211', 0),
('DR_212', 0), ('DR_221', 0), ('DR_222', 0), ('DR_223', 0),
('DR_231', 0), ('DR_232', 0), ('DR_233', 0), ('DR_311', 0),
('DR_312', 0), ('DR_313', 0), ('DR_314', 0), ('DR_321', 0),
('DR_322', 0), ('DR_323', 0), ('DR_324', 0), ('DR_331', 0),
('DR_332', 0), ('DR_333', 0), ('DR_334', 0);

INSERT INTO `teacher`(`name`, `pass`) VALUES
('tt1', 'tt_pass1'), ('tt2', 'tt_pass2'), ('tt3', 'tt_pass3'), ('tt4', 'tt_pass4');

INSERT INTO `student`(`studentID`, `grade`, `courseID`, `name`, `dormitoryPlaceID`, `studentStatusID`) VALUES
  ('t1', 1, 1, 'n1', 1, 1), ('t2', 1, 1, 'n2', 1, 1), ('t3', 1, 1, 'n3', 1, 2), ('t4', 1, 2, 'n4', 1, 1), ('t5', 1, 2, 'n5', 1, 1),
  ('t6', 1, 2, 'n6', 2, 1), ('t7', 1, 3, 'n7', 2, 1), ('t8', 1, 3, 'n8', 2, 1), ('t9', 1, 3, 'n9', 2, 1), ('t10', 1, 4, 'n10', 2, 1),
  ('t11', 1, 4, 'n11', 3, 1), ('t12', 1, 4, 'n12', 3, 1), ('t13', 1, 5, 'n13', 3, 1), ('t14', 1, 5, 'n14', 3, 1), ('t15', 1, 5, 'n15', 3, 1),
  ('t16', 2, 2, 'n16', 4, 1), ('t17', 2, 2, 'n17', 4, 1), ('t18', 2, 2, 'n18', 4, 2), ('t19', 2, 3, 'n19', 4, 1), ('t20', 2, 3, 'n20', 4, 1),
  ('t21', 2, 3, 'n21', 5, 1), ('t22', 2, 4, 'n22', 5, 1), ('t23', 2, 4, 'n23', 5, 1), ('t24', 2, 4, 'n24', 5, 1), ('t25', 2, 5, 'n25', 5, 2),
  ('t26', 2, 5, 'n26', 6, 1), ('t27', 2, 5, 'n27', 6, 1), ('t28', 3, 1, 'n28', 6, 1), ('t29', 3, 1, 'n29', 6, 1), ('t30', 3, 1, 'n30', 6, 1),
  ('t31', 3, 2, 'n31', 7, 1), ('t32', 3, 2, 'n32', 7, 1), ('t33', 3, 2, 'n33', 7, 2), ('t34', 3, 3, 'n34', 7, 1), ('t35', 3, 3, 'n35', 7, 1),
  ('t36', 3, 3, 'n36', 8, 1), ('t37', 3, 4, 'n37', 8, 1), ('t38', 3, 4, 'n38', 8, 1), ('t39', 3, 4, 'n39', 8, 1), ('t40', 3, 5, 'n40', 8, 1),
  ('t41', 3, 5, 'n41', 9, 1), ('t42', 3, 5, 'n42', 9, 2), ('t43', 4, 1, 'n43', 9, 1), ('t44', 4, 1, 'n44', 9, 1), ('t45', 4, 1, 'n45', 9, 1),
  ('t46', 4, 2, 'n46', 10, 1), ('t47', 4, 2, 'n47', 10, 1), ('t48', 4, 2, 'n48', 10, 1), ('t49', 4, 3, 'n49', 10, 1), ('t50', 4, 3, 'n50', 10, 1),
  ('t51', 4, 3, 'n51', 11, 1), ('t52', 4, 4, 'n52', 11, 1), ('t53', 4, 4, 'n53', 11, 1), ('t54', 4, 4, 'n54', 11, 1), ('t55', 4, 5, 'n55', 11, 1),
  ('t56', 4, 5, 'n56', 12, 1), ('t57', 4, 5, 'n57', 12, 1), ('t58', 5, 1, 'n58', 12, 2), ('t59', 5, 1, 'n59', 12, 1), ('t60', 5, 1, 'n60', 12, 1),
  ('t61', 5, 2, 'n61', 13, 1), ('t62', 5, 2, 'n62', 13, 1), ('t63', 5, 2, 'n63', 13, 1), ('t64', 5, 3, 'n64', 13, 1), ('t65', 5, 3, 'n65', 13, 1),
  ('t66', 5, 3, 'n66', 14, 1), ('t67', 5, 4, 'n67', 14, 1), ('t68', 5, 4, 'n68', 14, 1), ('t69', 5, 4, 'n69', 14, 2), ('t70', 5, 5, 'n70', 14, 1),
  ('t71', 5, 5, 'n71', NULL, 3), ('t72', 5, 5, 'n72', NULL, 3), ('t73', 1, 6, 'n72', NULL, 3), ('t74', 1, 6, 'n73', NULL, 3), ('t75', 1, 6, 'n74', NULL, 3),
  ('t76', 1, 7, 'n75', NULL, 3), ('t77', 1, 7, 'n76', NULL, 3), ('t78', 1, 7, 'n77', NULL, 3), ('t79', 2, 6, 'n78', NULL, 3), ('t80', 2, 6, 'n79', NULL, 3),
  ('t81', 2, 6, 'n81', 1, 2), ('t82', 2, 7, 'n82', 2, 1), ('t83', 2, 7, 'n83', 3, 1), ('t84', 2, 7, 'n84', 1, 1);

INSERT INTO `rollCall`(`dormitoryID`, `studentID`, `day`, `registeredStudentID`) VALUES
(1, 't1', '2023-01-01', 't1'), (1, 't2', '2023-01-02', 't1'), (1, 't3', '2023-01-03', 't1'), (1, 't4', '2023-01-04', 't2'), (1, 't5', '2023-01-05', 't1'),
(2, 't16', '2023-01-01', 't1'), (2, 't17', '2023-01-02', 't1'), (2, 't18', '2023-01-03', 't2'), (2, 't19', '2023-01-04', 't1'), (2, 't20', '2023-01-05', 't1'),
(3, 't31', '2023-01-01', 't1'), (3, 't32', '2023-01-02', 't1'), (3, 't33', '2023-01-03', 't2'), (3, 't34', '2023-01-04', 't1'), (3, 't35', '2023-01-05', 't1'),
(4, 't46', '2023-01-01', 't1'), (4, 't47', '2023-01-02', 't1'), (4, 't48', '2023-01-03', 't2'), (4, 't49', '2023-01-04', 't1'), (4, 't50', '2023-01-05', 't1');

INSERT INTO `cleaning`(`cleaningTypeID`, `place`, `year_month`, `day`, `times`) VALUES
(1, 'MOU_1', '2023-01', 1, 1), (1, 'MOU_2', '2023-01', 1, 1), (1, 'MOU_3', '2023-01', 1, 1), (1, 'CEN_1', '2023-01', 1, 1), (1, 'CEN_2', '2023-01', 1, 1),
(1, 'CEN_3', '2023-01', 1, 1), (1, 'SEA_1', '2023-01', 1, 1), (1, 'SEA_2', '2023-01', 1, 1), (1, 'SEA_3', '2023-01', 1, 1), (1, 'SPA_1', '2023-01', 1, 1),
(1, 'SPA_2', '2023-01', 1, 1), (1, 'SPA_3', '2023-01', 1, 1), (1, 'SPA_4', '2023-01', 1, 1), (1, 'SPA_5', '2023-01', 1, 1), (2, 'MOU_1', '2023-01', 1, 1),
(2, 'SPA_1', '2023-01', 2, 2), (1, 'MOU_1', '2023-01', 8, 2), (1, 'MOU_2', '2023-01', 8, 2), (1, 'MOU_3', '2023-01', 8, 2), (1, 'CEN_1', '2023-01', 8, 2),
(1, 'CEN_2', '2023-01', 8, 2), (1, 'CEN_3', '2023-01', 8, 2), (1, 'SEA_1', '2023-01', 8, 2), (1, 'SEA_2', '2023-01', 8, 2), (1, 'SEA_3', '2023-01', 8, 2),
(1, 'SPA_1', '2023-01', 8, 2);

INSERT INTO `cleaningDuty`(`studentID`, `cleaningID`, `registeredStudentID`) VALUES
('t1', 1, 't1'), ('t2', 1, 't1'), ('t3', 1, 't1'), ('t4', 2, 't2'), ('t5', 2, 't1'), ('t6', 3, 't2'), ('t7', 3, 't2'), ('t8', 4, 't1'), ('t9', 4, 't1'), ('t10', 4, 't2'),
('t11', 5, 't2'), ('t12', 5, 't1'), ('t13', 5, 't1'), ('t14', 6, 't2'), ('t15', 6, 't1'), ('t16', 6, 't1'), ('t17', 7, 't2'), ('t18', 7, 't1'), ('t19', 7, 't2'), ('t20', 8, 't1'),
('t21', 8, 't2'), ('t22', 8, 't1'), ('t23', 9, 't1'), ('t24', 9, 't1'), ('t25', 9, 't1'), ('t26', 10, 't4'), ('t27', 10, 't1'), ('t28', 11, 't1'), ('t29', 12, 't1'), ('t30', 12, 't1'),
('t31', 13, 't3'), ('t32', 14, 't1'), ('t33', 15, 't1'), ('t34', 16, 't1'), ('t35', 17, 't1'), ('t36', 18, 't1'), ('t37', 19, 't1'), ('t38', 20, 't3'), ('t39', 21, 't1'), ('t40', 22, 't1'),
('t41', 23, 't1'), ('t42', 24, 't1'), ('t43', 25, 't1'), ('t44', 26, 't1'), ('t45', 26, 't2');

